caso_id,etapa,fecha_inicio,fecha_fin,resultado,motivo_cancelacion
1,Asignado,2024-03-24,2024-03-30,Avanza,
1,En proceso,2024-03-30,2024-03-31,Se cancela,Error interno
2,Asignado,2024-03-06,2024-03-09,Avanza,
2,En proceso,2024-03-09,2024-03-12,Avanza,
2,Escalado,2024-03-12,2024-03-16,Se cancela,Error interno
3,Asignado,2024-05-27,2024-06-01,Se cancela,Error interno
4,Asignado,2024-03-13,2024-03-20,Avanza,
4,En proceso,2024-03-20,2024-03-25,Avanza,
4,Escalado,2024-03-25,2024-03-27,Se cancela,Sin respuesta
5,Asignado,2024-06-28,2024-07-03,Avanza,
5,En proceso,2024-07-03,2024-07-07,Avanza,
5,Escalado,2024-07-07,2024-07-13,Avanza,
5,Resuelto,2024-07-13,2024-07-17,Avanza,
5,Cerrado,2024-07-13,2024-07-15,Avanza,
6,Asignado,2024-05-08,2024-05-13,Avanza,
6,En proceso,2024-05-13,2024-05-16,Avanza,
6,Escalado,2024-05-16,2024-05-20,Avanza,
6,Resuelto,2024-05-20,2024-05-21,Avanza,
6,Cerrado,2024-05-20,2024-05-21,Avanza,
7,Asignado,2024-03-19,2024-03-23,Avanza,
7,En proceso,2024-03-23,2024-03-28,Avanza,
7,Escalado,2024-03-28,2024-03-31,Avanza,
7,Resuelto,2024-03-31,2024-04-02,Avanza,
7,Cerrado,2024-03-31,2024-04-03,Avanza,
8,Asignado,2024-03-05,2024-03-10,Avanza,
8,En proceso,2024-03-10,2024-03-12,Avanza,
8,Escalado,2024-03-12,2024-03-17,Avanza,
8,Resuelto,2024-03-17,2024-03-19,Avanza,
8,Cerrado,2024-03-17,2024-03-18,Avanza,
9,Asignado,2024-06-06,2024-06-10,Avanza,
9,En proceso,2024-06-10,2024-06-12,Avanza,
9,Escalado,2024-06-12,2024-06-16,Avanza,
9,Resuelto,2024-06-16,2024-06-17,Avanza,
9,Cerrado,2024-06-16,2024-06-19,Avanza,
10,Asignado,2024-05-14,2024-05-16,Avanza,
10,En proceso,2024-05-16,2024-05-23,Avanza,
10,Escalado,2024-05-23,2024-05-24,Avanza,
10,Resuelto,2024-05-24,2024-05-25,Avanza,
10,Cerrado,2024-05-24,2024-05-27,Avanza,
11,Asignado,2024-02-19,2024-02-24,Avanza,
11,En proceso,2024-02-24,2024-02-25,Avanza,
11,Escalado,2024-02-25,2024-02-27,Avanza,
11,Resuelto,2024-02-27,2024-03-02,Avanza,
11,Cerrado,2024-02-27,2024-02-29,Avanza,
12,Asignado,2024-05-12,2024-05-14,Avanza,
12,En proceso,2024-05-14,2024-05-19,Avanza,
12,Escalado,2024-05-19,2024-05-20,Avanza,
12,Resuelto,2024-05-20,2024-05-21,Avanza,
12,Cerrado,2024-05-20,2024-05-22,Avanza,
13,Asignado,2024-06-17,2024-06-19,Avanza,
13,En proceso,2024-06-19,2024-06-24,Avanza,
13,Escalado,2024-06-24,2024-06-26,Avanza,
13,Resuelto,2024-06-26,2024-06-30,Avanza,
13,Cerrado,2024-06-26,2024-06-27,Avanza,
14,Asignado,2024-01-08,2024-01-11,Avanza,
14,En proceso,2024-01-11,2024-01-17,Se cancela,Cliente desistió
15,Asignado,2024-02-01,2024-02-08,Avanza,
15,En proceso,2024-02-08,2024-02-09,Avanza,
15,Escalado,2024-02-09,2024-02-11,Avanza,
15,Resuelto,2024-02-11,2024-02-13,Avanza,
15,Cerrado,2024-02-11,2024-02-13,Avanza,
16,Asignado,2024-01-15,2024-01-19,Avanza,
16,En proceso,2024-01-19,2024-01-24,Avanza,
16,Escalado,2024-01-24,2024-01-29,Avanza,
16,Resuelto,2024-01-29,2024-01-31,Avanza,
16,Cerrado,2024-01-29,2024-01-30,Avanza,
17,Asignado,2024-06-01,2024-06-07,Avanza,
17,En proceso,2024-06-07,2024-06-09,Se cancela,Sin respuesta
18,Asignado,2024-01-02,2024-01-06,Avanza,
18,En proceso,2024-01-06,2024-01-09,Avanza,
18,Escalado,2024-01-09,2024-01-10,Avanza,
18,Resuelto,2024-01-10,2024-01-14,Avanza,
18,Cerrado,2024-01-10,2024-01-11,Avanza,
19,Asignado,2024-05-05,2024-05-07,Avanza,
19,En proceso,2024-05-07,2024-05-11,Avanza,
19,Escalado,2024-05-11,2024-05-17,Avanza,
19,Resuelto,2024-05-17,2024-05-18,Avanza,
19,Cerrado,2024-05-17,2024-05-18,Avanza,
20,Asignado,2024-04-04,2024-04-11,Avanza,
20,En proceso,2024-04-11,2024-04-14,Avanza,
20,Escalado,2024-04-14,2024-04-17,Avanza,
20,Resuelto,2024-04-17,2024-04-20,Avanza,
20,Cerrado,2024-04-17,2024-04-19,Avanza,
21,Asignado,2024-03-30,2024-03-31,Avanza,
21,En proceso,2024-03-31,2024-04-04,Avanza,
21,Escalado,2024-04-04,2024-04-08,Avanza,
21,Resuelto,2024-04-08,2024-04-12,Avanza,
21,Cerrado,2024-04-08,2024-04-10,Avanza,
22,Asignado,2024-02-19,2024-02-26,Avanza,
22,En proceso,2024-02-26,2024-03-04,Avanza,
22,Escalado,2024-03-04,2024-03-05,Avanza,
22,Cerrado,2024-03-05,2024-03-06,Se cancela,Cliente desistió
23,Asignado,2024-03-24,2024-03-29,Se cancela,Error interno
24,Asignado,2024-04-15,2024-04-18,Se cancela,Cliente desistió
25,Asignado,2024-04-21,2024-04-26,Avanza,
25,En proceso,2024-04-26,2024-05-01,Se cancela,Cliente desistió
26,Asignado,2024-05-03,2024-05-06,Avanza,
26,En proceso,2024-05-06,2024-05-09,Avanza,
26,Escalado,2024-05-09,2024-05-10,Avanza,
26,Resuelto,2024-05-10,2024-05-14,Avanza,
26,Cerrado,2024-05-10,2024-05-12,Avanza,
27,Asignado,2024-06-16,2024-06-18,Avanza,
27,En proceso,2024-06-18,2024-06-19,Avanza,
27,Escalado,2024-06-19,2024-06-25,Se cancela,Cliente desistió
28,Asignado,2024-02-13,2024-02-17,Avanza,
28,En proceso,2024-02-17,2024-02-18,Avanza,
28,Escalado,2024-02-18,2024-02-20,Avanza,
28,Resuelto,2024-02-20,2024-02-23,Avanza,
28,Cerrado,2024-02-20,2024-02-23,Avanza,
29,Asignado,2024-06-10,2024-06-13,Avanza,
29,En proceso,2024-06-13,2024-06-20,Avanza,
29,Escalado,2024-06-20,2024-06-26,Avanza,
29,Cerrado,2024-06-26,2024-06-29,Se cancela,Sin respuesta
30,Asignado,2024-05-02,2024-05-04,Se cancela,Error interno
31,Asignado,2024-04-29,2024-04-30,Avanza,
31,En proceso,2024-04-30,2024-05-03,Avanza,
31,Escalado,2024-05-03,2024-05-05,Se cancela,Error interno
32,Asignado,2024-01-09,2024-01-10,Se cancela,Sin respuesta
33,Asignado,2024-03-12,2024-03-15,Avanza,
33,En proceso,2024-03-15,2024-03-16,Avanza,
33,Escalado,2024-03-16,2024-03-18,Avanza,
33,Resuelto,2024-03-18,2024-03-20,Avanza,
33,Cerrado,2024-03-18,2024-03-20,Avanza,
34,Asignado,2024-04-11,2024-04-13,Se cancela,Error interno
35,Asignado,2024-02-26,2024-03-01,Avanza,
35,En proceso,2024-03-01,2024-03-05,Avanza,
35,Escalado,2024-03-05,2024-03-12,Avanza,
35,Cerrado,2024-03-12,2024-03-15,Se cancela,Cliente desistió
36,Asignado,2024-06-21,2024-06-23,Avanza,
36,En proceso,2024-06-23,2024-06-26,Avanza,
36,Escalado,2024-06-26,2024-07-01,Se cancela,Error interno
37,Asignado,2024-06-19,2024-06-24,Avanza,
37,En proceso,2024-06-24,2024-06-27,Avanza,
37,Escalado,2024-06-27,2024-06-28,Avanza,
37,Resuelto,2024-06-28,2024-06-29,Avanza,
37,Cerrado,2024-06-28,2024-07-01,Avanza,
38,Asignado,2024-05-28,2024-05-31,Avanza,
38,En proceso,2024-05-31,2024-06-06,Avanza,
38,Escalado,2024-06-06,2024-06-07,Avanza,
38,Resuelto,2024-06-07,2024-06-09,Avanza,
38,Cerrado,2024-06-07,2024-06-08,Avanza,
39,Asignado,2024-02-20,2024-02-21,Avanza,
39,En proceso,2024-02-21,2024-02-23,Avanza,
39,Escalado,2024-02-23,2024-02-29,Avanza,
39,Resuelto,2024-02-29,2024-03-01,Avanza,
39,Cerrado,2024-02-29,2024-03-01,Avanza,
40,Asignado,2024-05-18,2024-05-23,Se cancela,Cliente desistió
41,Asignado,2024-06-20,2024-06-24,Avanza,
41,En proceso,2024-06-24,2024-06-29,Avanza,
41,Escalado,2024-06-29,2024-07-01,Avanza,
41,Cerrado,2024-07-01,2024-07-02,Se cancela,Cliente desistió
42,Asignado,2024-05-01,2024-05-07,Se cancela,Error interno
43,Asignado,2024-06-25,2024-06-27,Avanza,
43,En proceso,2024-06-27,2024-06-30,Avanza,
43,Escalado,2024-06-30,2024-07-04,Se cancela,Error interno
44,Asignado,2024-02-05,2024-02-07,Avanza,
44,En proceso,2024-02-07,2024-02-08,Avanza,
44,Escalado,2024-02-08,2024-02-12,Avanza,
44,Resuelto,2024-02-12,2024-02-14,Avanza,
44,Cerrado,2024-02-12,2024-02-15,Avanza,
45,Asignado,2024-02-10,2024-02-11,Avanza,
45,En proceso,2024-02-11,2024-02-16,Avanza,
45,Escalado,2024-02-16,2024-02-23,Avanza,
45,Resuelto,2024-02-23,2024-02-26,Avanza,
45,Cerrado,2024-02-23,2024-02-25,Avanza,
46,Asignado,2024-04-13,2024-04-20,Avanza,
46,En proceso,2024-04-20,2024-04-23,Avanza,
46,Escalado,2024-04-23,2024-04-26,Se cancela,Error interno
47,Asignado,2024-01-29,2024-01-30,Avanza,
47,En proceso,2024-01-30,2024-02-06,Avanza,
47,Escalado,2024-02-06,2024-02-10,Avanza,
47,Resuelto,2024-02-10,2024-02-14,Avanza,
47,Cerrado,2024-02-10,2024-02-12,Avanza,
48,Asignado,2024-04-09,2024-04-11,Avanza,
48,En proceso,2024-04-11,2024-04-17,Avanza,
48,Escalado,2024-04-17,2024-04-18,Se cancela,Error interno
49,Asignado,2024-01-02,2024-01-07,Avanza,
49,En proceso,2024-01-07,2024-01-11,Avanza,
49,Escalado,2024-01-11,2024-01-13,Avanza,
49,Resuelto,2024-01-13,2024-01-17,Avanza,
49,Cerrado,2024-01-13,2024-01-14,Avanza,
50,Asignado,2024-05-05,2024-05-07,Se cancela,Error interno
51,Asignado,2024-05-05,2024-05-12,Se cancela,Cliente desistió
52,Asignado,2024-01-23,2024-01-27,Avanza,
52,En proceso,2024-01-27,2024-01-30,Avanza,
52,Escalado,2024-01-30,2024-02-05,Avanza,
52,Resuelto,2024-02-05,2024-02-06,Avanza,
52,Cerrado,2024-02-05,2024-02-07,Avanza,
53,Asignado,2024-01-14,2024-01-20,Se cancela,Sin respuesta
54,Asignado,2024-01-14,2024-01-18,Avanza,
54,En proceso,2024-01-18,2024-01-19,Avanza,
54,Escalado,2024-01-19,2024-01-21,Se cancela,Cliente desistió
55,Asignado,2024-03-15,2024-03-16,Avanza,
55,En proceso,2024-03-16,2024-03-19,Avanza,
55,Escalado,2024-03-19,2024-03-24,Avanza,
55,Resuelto,2024-03-24,2024-03-25,Avanza,
55,Cerrado,2024-03-24,2024-03-27,Avanza,
56,Asignado,2024-06-21,2024-06-27,Avanza,
56,En proceso,2024-06-27,2024-06-29,Avanza,
56,Escalado,2024-06-29,2024-07-01,Avanza,
56,Resuelto,2024-07-01,2024-07-05,Avanza,
56,Cerrado,2024-07-01,2024-07-03,Avanza,
57,Asignado,2024-01-17,2024-01-20,Avanza,
57,En proceso,2024-01-20,2024-01-26,Se cancela,Cliente desistió
58,Asignado,2024-03-12,2024-03-17,Avanza,
58,En proceso,2024-03-17,2024-03-20,Avanza,
58,Escalado,2024-03-20,2024-03-21,Avanza,
58,Resuelto,2024-03-21,2024-03-25,Avanza,
58,Cerrado,2024-03-21,2024-03-24,Avanza,
59,Asignado,2024-01-30,2024-02-05,Avanza,
59,En proceso,2024-02-05,2024-02-09,Avanza,
59,Escalado,2024-02-09,2024-02-14,Avanza,
59,Resuelto,2024-02-14,2024-02-17,Avanza,
59,Cerrado,2024-02-14,2024-02-15,Avanza,
60,Asignado,2024-03-11,2024-03-13,Se cancela,Cliente desistió
61,Asignado,2024-06-19,2024-06-20,Avanza,
61,En proceso,2024-06-20,2024-06-25,Avanza,
61,Escalado,2024-06-25,2024-07-02,Avanza,
61,Resuelto,2024-07-02,2024-07-05,Avanza,
61,Cerrado,2024-07-02,2024-07-03,Avanza,
62,Asignado,2024-04-12,2024-04-18,Avanza,
62,En proceso,2024-04-18,2024-04-21,Avanza,
62,Escalado,2024-04-21,2024-04-27,Avanza,
62,Cerrado,2024-04-27,2024-04-28,Se cancela,Cliente desistió
63,Asignado,2024-04-27,2024-04-30,Avanza,
63,En proceso,2024-04-30,2024-05-02,Avanza,
63,Escalado,2024-05-02,2024-05-07,Avanza,
63,Cerrado,2024-05-07,2024-05-10,Se cancela,Error interno
64,Asignado,2024-06-13,2024-06-17,Avanza,
64,En proceso,2024-06-17,2024-06-21,Avanza,
64,Escalado,2024-06-21,2024-06-26,Avanza,
64,Resuelto,2024-06-26,2024-06-30,Avanza,
64,Cerrado,2024-06-26,2024-06-27,Avanza,
65,Asignado,2024-05-10,2024-05-12,Avanza,
65,En proceso,2024-05-12,2024-05-18,Avanza,
65,Escalado,2024-05-18,2024-05-23,Avanza,
65,Cerrado,2024-05-23,2024-05-25,Se cancela,Error interno
66,Asignado,2024-05-19,2024-05-25,Se cancela,Error interno
67,Asignado,2024-02-17,2024-02-24,Avanza,
67,En proceso,2024-02-24,2024-02-29,Avanza,
67,Escalado,2024-02-29,2024-03-03,Avanza,
67,Cerrado,2024-03-03,2024-03-04,Se cancela,Sin respuesta
68,Asignado,2024-03-08,2024-03-14,Se cancela,Cliente desistió
69,Asignado,2024-06-01,2024-06-08,Avanza,
69,En proceso,2024-06-08,2024-06-15,Avanza,
69,Escalado,2024-06-15,2024-06-21,Avanza,
69,Resuelto,2024-06-21,2024-06-22,Avanza,
69,Cerrado,2024-06-21,2024-06-24,Avanza,
70,Asignado,2024-06-19,2024-06-24,Avanza,
70,En proceso,2024-06-24,2024-07-01,Avanza,
70,Escalado,2024-07-01,2024-07-06,Avanza,
70,Resuelto,2024-07-06,2024-07-07,Avanza,
70,Cerrado,2024-07-06,2024-07-09,Avanza,
71,Asignado,2024-03-16,2024-03-21,Avanza,
71,En proceso,2024-03-21,2024-03-26,Avanza,
71,Escalado,2024-03-26,2024-04-02,Se cancela,Cliente desistió
72,Asignado,2024-03-11,2024-03-14,Avanza,
72,En proceso,2024-03-14,2024-03-20,Avanza,
72,Escalado,2024-03-20,2024-03-24,Avanza,
72,Cerrado,2024-03-24,2024-03-27,Se cancela,Error interno
73,Asignado,2024-03-15,2024-03-19,Avanza,
73,En proceso,2024-03-19,2024-03-24,Avanza,
73,Escalado,2024-03-24,2024-03-25,Se cancela,Error interno
74,Asignado,2024-06-14,2024-06-19,Avanza,
74,En proceso,2024-06-19,2024-06-22,Se cancela,Error interno
75,Asignado,2024-01-19,2024-01-23,Se cancela,Cliente desistió
76,Asignado,2024-02-06,2024-02-12,Avanza,
76,En proceso,2024-02-12,2024-02-15,Avanza,
76,Escalado,2024-02-15,2024-02-18,Avanza,
76,Cerrado,2024-02-18,2024-02-21,Se cancela,Cliente desistió
77,Asignado,2024-02-13,2024-02-19,Avanza,
77,En proceso,2024-02-19,2024-02-21,Avanza,
77,Escalado,2024-02-21,2024-02-22,Avanza,
77,Resuelto,2024-02-22,2024-02-25,Avanza,
77,Cerrado,2024-02-22,2024-02-24,Avanza,
78,Asignado,2024-02-19,2024-02-21,Avanza,
78,En proceso,2024-02-21,2024-02-25,Avanza,
78,Escalado,2024-02-25,2024-03-03,Avanza,
78,Resuelto,2024-03-03,2024-03-04,Avanza,
78,Cerrado,2024-03-03,2024-03-04,Avanza,
79,Asignado,2024-05-20,2024-05-27,Avanza,
79,En proceso,2024-05-27,2024-05-30,Avanza,
79,Escalado,2024-05-30,2024-06-03,Avanza,
79,Cerrado,2024-06-03,2024-06-06,Se cancela,Error interno
80,Asignado,2024-06-18,2024-06-19,Avanza,
80,En proceso,2024-06-19,2024-06-26,Avanza,
80,Escalado,2024-06-26,2024-06-29,Avanza,
80,Resuelto,2024-06-29,2024-07-01,Avanza,
80,Cerrado,2024-06-29,2024-07-01,Avanza,
81,Asignado,2024-02-19,2024-02-23,Avanza,
81,En proceso,2024-02-23,2024-02-24,Avanza,
81,Escalado,2024-02-24,2024-02-25,Avanza,
81,Cerrado,2024-02-25,2024-02-28,Se cancela,Sin respuesta
82,Asignado,2024-04-09,2024-04-11,Avanza,
82,En proceso,2024-04-11,2024-04-15,Se cancela,Sin respuesta
83,Asignado,2024-04-12,2024-04-15,Avanza,
83,En proceso,2024-04-15,2024-04-22,Avanza,
83,Escalado,2024-04-22,2024-04-23,Avanza,
83,Resuelto,2024-04-23,2024-04-24,Avanza,
83,Cerrado,2024-04-23,2024-04-26,Avanza,
84,Asignado,2024-04-28,2024-05-05,Avanza,
84,En proceso,2024-05-05,2024-05-08,Avanza,
84,Escalado,2024-05-08,2024-05-13,Avanza,
84,Cerrado,2024-05-13,2024-05-14,Se cancela,Sin respuesta
85,Asignado,2024-06-04,2024-06-11,Avanza,
85,En proceso,2024-06-11,2024-06-13,Avanza,
85,Escalado,2024-06-13,2024-06-18,Avanza,
85,Cerrado,2024-06-18,2024-06-21,Se cancela,Error interno
86,Asignado,2024-01-29,2024-02-04,Avanza,
86,En proceso,2024-02-04,2024-02-06,Se cancela,Sin respuesta
87,Asignado,2024-03-31,2024-04-06,Se cancela,Sin respuesta
88,Asignado,2024-06-02,2024-06-05,Avanza,
88,En proceso,2024-06-05,2024-06-09,Avanza,
88,Escalado,2024-06-09,2024-06-16,Avanza,
88,Resuelto,2024-06-16,2024-06-18,Avanza,
88,Cerrado,2024-06-16,2024-06-19,Avanza,
89,Asignado,2024-04-28,2024-05-01,Avanza,
89,En proceso,2024-05-01,2024-05-02,Avanza,
89,Escalado,2024-05-02,2024-05-03,Avanza,
89,Resuelto,2024-05-03,2024-05-06,Avanza,
89,Cerrado,2024-05-03,2024-05-04,Avanza,
90,Asignado,2024-03-26,2024-04-01,Avanza,
90,En proceso,2024-04-01,2024-04-07,Avanza,
90,Escalado,2024-04-07,2024-04-10,Avanza,
90,Resuelto,2024-04-10,2024-04-13,Avanza,
90,Cerrado,2024-04-10,2024-04-11,Avanza,
91,Asignado,2024-01-14,2024-01-18,Avanza,
91,En proceso,2024-01-18,2024-01-21,Avanza,
91,Escalado,2024-01-21,2024-01-27,Avanza,
91,Resuelto,2024-01-27,2024-01-29,Avanza,
91,Cerrado,2024-01-27,2024-01-30,Avanza,
92,Asignado,2024-05-11,2024-05-17,Se cancela,Sin respuesta
93,Asignado,2024-06-10,2024-06-15,Avanza,
93,En proceso,2024-06-15,2024-06-20,Se cancela,Error interno
94,Asignado,2024-04-17,2024-04-19,Se cancela,Sin respuesta
95,Asignado,2024-04-30,2024-05-04,Avanza,
95,En proceso,2024-05-04,2024-05-07,Avanza,
95,Escalado,2024-05-07,2024-05-09,Avanza,
95,Resuelto,2024-05-09,2024-05-10,Avanza,
95,Cerrado,2024-05-09,2024-05-11,Avanza,
96,Asignado,2024-02-01,2024-02-07,Avanza,
96,En proceso,2024-02-07,2024-02-14,Avanza,
96,Escalado,2024-02-14,2024-02-18,Se cancela,Cliente desistió
97,Asignado,2024-02-13,2024-02-19,Avanza,
97,En proceso,2024-02-19,2024-02-20,Avanza,
97,Escalado,2024-02-20,2024-02-24,Avanza,
97,Resuelto,2024-02-24,2024-02-28,Avanza,
97,Cerrado,2024-02-24,2024-02-27,Avanza,
98,Asignado,2024-04-25,2024-04-30,Avanza,
98,En proceso,2024-04-30,2024-05-04,Avanza,
98,Escalado,2024-05-04,2024-05-11,Se cancela,Cliente desistió
99,Asignado,2024-01-07,2024-01-10,Avanza,
99,En proceso,2024-01-10,2024-01-13,Se cancela,Error interno
100,Asignado,2024-05-30,2024-06-03,Se cancela,Error interno
101,Asignado,2024-04-19,2024-04-20,Avanza,
101,En proceso,2024-04-20,2024-04-23,Avanza,
101,Escalado,2024-04-23,2024-04-24,Se cancela,Cliente desistió
102,Asignado,2024-01-27,2024-02-03,Avanza,
102,En proceso,2024-02-03,2024-02-10,Avanza,
102,Escalado,2024-02-10,2024-02-12,Avanza,
102,Resuelto,2024-02-12,2024-02-13,Avanza,
102,Cerrado,2024-02-12,2024-02-13,Avanza,
103,Asignado,2024-06-25,2024-06-28,Se cancela,Cliente desistió
104,Asignado,2024-03-15,2024-03-16,Avanza,
104,En proceso,2024-03-16,2024-03-20,Avanza,
104,Escalado,2024-03-20,2024-03-27,Avanza,
104,Resuelto,2024-03-27,2024-03-30,Avanza,
104,Cerrado,2024-03-27,2024-03-29,Avanza,
105,Asignado,2024-02-14,2024-02-17,Avanza,
105,En proceso,2024-02-17,2024-02-20,Avanza,
105,Escalado,2024-02-20,2024-02-23,Avanza,
105,Cerrado,2024-02-23,2024-02-24,Se cancela,Sin respuesta
106,Asignado,2024-04-17,2024-04-23,Avanza,
106,En proceso,2024-04-23,2024-04-30,Se cancela,Sin respuesta
107,Asignado,2024-05-14,2024-05-15,Avanza,
107,En proceso,2024-05-15,2024-05-20,Avanza,
107,Escalado,2024-05-20,2024-05-23,Avanza,
107,Resuelto,2024-05-23,2024-05-27,Avanza,
107,Cerrado,2024-05-23,2024-05-26,Avanza,
108,Asignado,2024-01-23,2024-01-24,Se cancela,Sin respuesta
109,Asignado,2024-04-27,2024-04-29,Avanza,
109,En proceso,2024-04-29,2024-05-06,Avanza,
109,Escalado,2024-05-06,2024-05-13,Avanza,
109,Resuelto,2024-05-13,2024-05-17,Avanza,
109,Cerrado,2024-05-13,2024-05-14,Avanza,
110,Asignado,2024-04-06,2024-04-07,Avanza,
110,En proceso,2024-04-07,2024-04-09,Avanza,
110,Escalado,2024-04-09,2024-04-14,Avanza,
110,Resuelto,2024-04-14,2024-04-18,Avanza,
110,Cerrado,2024-04-14,2024-04-16,Avanza,
111,Asignado,2024-03-11,2024-03-15,Avanza,
111,En proceso,2024-03-15,2024-03-17,Se cancela,Error interno
112,Asignado,2024-05-01,2024-05-08,Avanza,
112,En proceso,2024-05-08,2024-05-13,Avanza,
112,Escalado,2024-05-13,2024-05-14,Avanza,
112,Cerrado,2024-05-14,2024-05-16,Se cancela,Error interno
113,Asignado,2024-06-17,2024-06-18,Avanza,
113,En proceso,2024-06-18,2024-06-23,Avanza,
113,Escalado,2024-06-23,2024-06-30,Avanza,
113,Resuelto,2024-06-30,2024-07-01,Avanza,
113,Cerrado,2024-06-30,2024-07-02,Avanza,
114,Asignado,2024-02-18,2024-02-24,Avanza,
114,En proceso,2024-02-24,2024-02-25,Avanza,
114,Escalado,2024-02-25,2024-02-26,Avanza,
114,Resuelto,2024-02-26,2024-03-01,Avanza,
114,Cerrado,2024-02-26,2024-02-28,Avanza,
115,Asignado,2024-03-09,2024-03-10,Avanza,
115,En proceso,2024-03-10,2024-03-12,Avanza,
115,Escalado,2024-03-12,2024-03-14,Avanza,
115,Cerrado,2024-03-14,2024-03-17,Se cancela,Error interno
116,Asignado,2024-01-31,2024-02-04,Avanza,
116,En proceso,2024-02-04,2024-02-07,Avanza,
116,Escalado,2024-02-07,2024-02-09,Se cancela,Sin respuesta
117,Asignado,2024-05-24,2024-05-25,Avanza,
117,En proceso,2024-05-25,2024-05-30,Avanza,
117,Escalado,2024-05-30,2024-06-03,Avanza,
117,Resuelto,2024-06-03,2024-06-07,Avanza,
117,Cerrado,2024-06-03,2024-06-05,Avanza,
118,Asignado,2024-02-16,2024-02-20,Avanza,
118,En proceso,2024-02-20,2024-02-23,Avanza,
118,Escalado,2024-02-23,2024-02-28,Avanza,
118,Resuelto,2024-02-28,2024-03-02,Avanza,
118,Cerrado,2024-02-28,2024-03-02,Avanza,
119,Asignado,2024-04-28,2024-05-03,Avanza,
119,En proceso,2024-05-03,2024-05-09,Avanza,
119,Escalado,2024-05-09,2024-05-14,Se cancela,Sin respuesta
120,Asignado,2024-02-26,2024-03-04,Avanza,
120,En proceso,2024-03-04,2024-03-06,Se cancela,Error interno
121,Asignado,2024-02-10,2024-02-15,Avanza,
121,En proceso,2024-02-15,2024-02-18,Avanza,
121,Escalado,2024-02-18,2024-02-21,Avanza,
121,Resuelto,2024-02-21,2024-02-23,Avanza,
121,Cerrado,2024-02-21,2024-02-23,Avanza,
122,Asignado,2024-05-31,2024-06-01,Avanza,
122,En proceso,2024-06-01,2024-06-06,Avanza,
122,Escalado,2024-06-06,2024-06-07,Avanza,
122,Resuelto,2024-06-07,2024-06-08,Avanza,
122,Cerrado,2024-06-07,2024-06-09,Avanza,
123,Asignado,2024-05-04,2024-05-10,Avanza,
123,En proceso,2024-05-10,2024-05-17,Avanza,
123,Escalado,2024-05-17,2024-05-21,Avanza,
123,Resuelto,2024-05-21,2024-05-25,Avanza,
123,Cerrado,2024-05-21,2024-05-23,Avanza,
124,Asignado,2024-03-14,2024-03-17,Avanza,
124,En proceso,2024-03-17,2024-03-18,Avanza,
124,Escalado,2024-03-18,2024-03-23,Avanza,
124,Resuelto,2024-03-23,2024-03-24,Avanza,
124,Cerrado,2024-03-23,2024-03-24,Avanza,
125,Asignado,2024-05-12,2024-05-13,Avanza,
125,En proceso,2024-05-13,2024-05-18,Avanza,
125,Escalado,2024-05-18,2024-05-19,Avanza,
125,Resuelto,2024-05-19,2024-05-22,Avanza,
125,Cerrado,2024-05-19,2024-05-21,Avanza,
126,Asignado,2024-05-12,2024-05-18,Avanza,
126,En proceso,2024-05-18,2024-05-21,Avanza,
126,Escalado,2024-05-21,2024-05-25,Avanza,
126,Resuelto,2024-05-25,2024-05-26,Avanza,
126,Cerrado,2024-05-25,2024-05-26,Avanza,
127,Asignado,2024-02-20,2024-02-21,Avanza,
127,En proceso,2024-02-21,2024-02-28,Avanza,
127,Escalado,2024-02-28,2024-03-03,Avanza,
127,Resuelto,2024-03-03,2024-03-06,Avanza,
127,Cerrado,2024-03-03,2024-03-04,Avanza,
128,Asignado,2024-01-31,2024-02-06,Avanza,
128,En proceso,2024-02-06,2024-02-09,Avanza,
128,Escalado,2024-02-09,2024-02-12,Se cancela,Sin respuesta
129,Asignado,2024-01-05,2024-01-10,Avanza,
129,En proceso,2024-01-10,2024-01-14,Avanza,
129,Escalado,2024-01-14,2024-01-16,Se cancela,Cliente desistió
130,Asignado,2024-02-01,2024-02-06,Se cancela,Sin respuesta
131,Asignado,2024-02-03,2024-02-04,Avanza,
131,En proceso,2024-02-04,2024-02-09,Se cancela,Cliente desistió
132,Asignado,2024-05-11,2024-05-18,Avanza,
132,En proceso,2024-05-18,2024-05-25,Avanza,
132,Escalado,2024-05-25,2024-05-31,Avanza,
132,Resuelto,2024-05-31,2024-06-02,Avanza,
132,Cerrado,2024-05-31,2024-06-02,Avanza,
133,Asignado,2024-05-10,2024-05-13,Avanza,
133,En proceso,2024-05-13,2024-05-14,Avanza,
133,Escalado,2024-05-14,2024-05-20,Avanza,
133,Resuelto,2024-05-20,2024-05-21,Avanza,
133,Cerrado,2024-05-20,2024-05-21,Avanza,
134,Asignado,2024-05-13,2024-05-14,Avanza,
134,En proceso,2024-05-14,2024-05-17,Avanza,
134,Escalado,2024-05-17,2024-05-20,Avanza,
134,Resuelto,2024-05-20,2024-05-23,Avanza,
134,Cerrado,2024-05-20,2024-05-23,Avanza,
135,Asignado,2024-06-01,2024-06-05,Avanza,
135,En proceso,2024-06-05,2024-06-09,Se cancela,Sin respuesta
136,Asignado,2024-04-20,2024-04-24,Avanza,
136,En proceso,2024-04-24,2024-04-30,Avanza,
136,Escalado,2024-04-30,2024-05-01,Avanza,
136,Resuelto,2024-05-01,2024-05-03,Avanza,
136,Cerrado,2024-05-01,2024-05-04,Avanza,
137,Asignado,2024-04-28,2024-05-05,Avanza,
137,En proceso,2024-05-05,2024-05-12,Avanza,
137,Escalado,2024-05-12,2024-05-19,Avanza,
137,Resuelto,2024-05-19,2024-05-21,Avanza,
137,Cerrado,2024-05-19,2024-05-20,Avanza,
138,Asignado,2024-02-13,2024-02-16,Avanza,
138,En proceso,2024-02-16,2024-02-19,Avanza,
138,Escalado,2024-02-19,2024-02-24,Avanza,
138,Resuelto,2024-02-24,2024-02-25,Avanza,
138,Cerrado,2024-02-24,2024-02-27,Avanza,
139,Asignado,2024-03-17,2024-03-23,Avanza,
139,En proceso,2024-03-23,2024-03-26,Avanza,
139,Escalado,2024-03-26,2024-04-02,Avanza,
139,Resuelto,2024-04-02,2024-04-03,Avanza,
139,Cerrado,2024-04-02,2024-04-05,Avanza,
140,Asignado,2024-05-18,2024-05-21,Avanza,
140,En proceso,2024-05-21,2024-05-28,Avanza,
140,Escalado,2024-05-28,2024-05-30,Avanza,
140,Resuelto,2024-05-30,2024-05-31,Avanza,
140,Cerrado,2024-05-30,2024-06-02,Avanza,
141,Asignado,2024-02-24,2024-02-28,Avanza,
141,En proceso,2024-02-28,2024-02-29,Avanza,
141,Escalado,2024-02-29,2024-03-01,Avanza,
141,Resuelto,2024-03-01,2024-03-05,Avanza,
141,Cerrado,2024-03-01,2024-03-02,Avanza,
142,Asignado,2024-03-31,2024-04-02,Se cancela,Error interno
143,Asignado,2024-03-25,2024-03-30,Avanza,
143,En proceso,2024-03-30,2024-04-04,Avanza,
143,Escalado,2024-04-04,2024-04-06,Avanza,
143,Resuelto,2024-04-06,2024-04-10,Avanza,
143,Cerrado,2024-04-06,2024-04-08,Avanza,
144,Asignado,2024-02-10,2024-02-14,Avanza,
144,En proceso,2024-02-14,2024-02-21,Se cancela,Sin respuesta
145,Asignado,2024-03-09,2024-03-12,Avanza,
145,En proceso,2024-03-12,2024-03-18,Se cancela,Error interno
146,Asignado,2024-01-21,2024-01-27,Avanza,
146,En proceso,2024-01-27,2024-02-02,Se cancela,Cliente desistió
147,Asignado,2024-06-26,2024-07-03,Se cancela,Error interno
148,Asignado,2024-06-28,2024-07-05,Avanza,
148,En proceso,2024-07-05,2024-07-08,Avanza,
148,Escalado,2024-07-08,2024-07-10,Avanza,
148,Resuelto,2024-07-10,2024-07-12,Avanza,
148,Cerrado,2024-07-10,2024-07-13,Avanza,
149,Asignado,2024-04-09,2024-04-13,Avanza,
149,En proceso,2024-04-13,2024-04-18,Avanza,
149,Escalado,2024-04-18,2024-04-19,Se cancela,Sin respuesta
150,Asignado,2024-04-08,2024-04-09,Avanza,
150,En proceso,2024-04-09,2024-04-13,Se cancela,Sin respuesta
151,Asignado,2024-02-01,2024-02-04,Avanza,
151,En proceso,2024-02-04,2024-02-10,Se cancela,Sin respuesta
152,Asignado,2024-06-22,2024-06-26,Avanza,
152,En proceso,2024-06-26,2024-07-01,Avanza,
152,Escalado,2024-07-01,2024-07-03,Avanza,
152,Cerrado,2024-07-03,2024-07-06,Se cancela,Cliente desistió
153,Asignado,2024-03-19,2024-03-20,Avanza,
153,En proceso,2024-03-20,2024-03-26,Avanza,
153,Escalado,2024-03-26,2024-03-27,Avanza,
153,Cerrado,2024-03-27,2024-03-28,Se cancela,Cliente desistió
154,Asignado,2024-05-05,2024-05-10,Avanza,
154,En proceso,2024-05-10,2024-05-17,Avanza,
154,Escalado,2024-05-17,2024-05-22,Avanza,
154,Resuelto,2024-05-22,2024-05-24,Avanza,
154,Cerrado,2024-05-22,2024-05-24,Avanza,
155,Asignado,2024-01-11,2024-01-15,Se cancela,Sin respuesta
156,Asignado,2024-03-08,2024-03-13,Avanza,
156,En proceso,2024-03-13,2024-03-14,Avanza,
156,Escalado,2024-03-14,2024-03-16,Avanza,
156,Cerrado,2024-03-16,2024-03-17,Se cancela,Cliente desistió
157,Asignado,2024-03-20,2024-03-24,Se cancela,Cliente desistió
158,Asignado,2024-02-12,2024-02-15,Avanza,
158,En proceso,2024-02-15,2024-02-22,Avanza,
158,Escalado,2024-02-22,2024-02-26,Avanza,
158,Resuelto,2024-02-26,2024-02-28,Avanza,
158,Cerrado,2024-02-26,2024-02-29,Avanza,
159,Asignado,2024-01-03,2024-01-06,Avanza,
159,En proceso,2024-01-06,2024-01-11,Avanza,
159,Escalado,2024-01-11,2024-01-13,Avanza,
159,Resuelto,2024-01-13,2024-01-14,Avanza,
159,Cerrado,2024-01-13,2024-01-14,Avanza,
160,Asignado,2024-01-16,2024-01-19,Avanza,
160,En proceso,2024-01-19,2024-01-23,Avanza,
160,Escalado,2024-01-23,2024-01-26,Avanza,
160,Cerrado,2024-01-26,2024-01-28,Se cancela,Sin respuesta
161,Asignado,2024-02-08,2024-02-09,Se cancela,Sin respuesta
162,Asignado,2024-02-03,2024-02-10,Avanza,
162,En proceso,2024-02-10,2024-02-14,Avanza,
162,Escalado,2024-02-14,2024-02-19,Avanza,
162,Cerrado,2024-02-19,2024-02-21,Se cancela,Sin respuesta
163,Asignado,2024-05-01,2024-05-08,Se cancela,Sin respuesta
164,Asignado,2024-05-02,2024-05-07,Avanza,
164,En proceso,2024-05-07,2024-05-10,Avanza,
164,Escalado,2024-05-10,2024-05-14,Avanza,
164,Resuelto,2024-05-14,2024-05-18,Avanza,
164,Cerrado,2024-05-14,2024-05-15,Avanza,
165,Asignado,2024-05-07,2024-05-08,Se cancela,Error interno
166,Asignado,2024-04-10,2024-04-12,Se cancela,Error interno
167,Asignado,2024-06-08,2024-06-15,Avanza,
167,En proceso,2024-06-15,2024-06-17,Avanza,
167,Escalado,2024-06-17,2024-06-24,Avanza,
167,Cerrado,2024-06-24,2024-06-27,Se cancela,Error interno
168,Asignado,2024-06-12,2024-06-18,Avanza,
168,En proceso,2024-06-18,2024-06-21,Avanza,
168,Escalado,2024-06-21,2024-06-26,Se cancela,Error interno
169,Asignado,2024-03-16,2024-03-17,Se cancela,Sin respuesta
170,Asignado,2024-05-18,2024-05-20,Avanza,
170,En proceso,2024-05-20,2024-05-23,Avanza,
170,Escalado,2024-05-23,2024-05-26,Avanza,
170,Resuelto,2024-05-26,2024-05-30,Avanza,
170,Cerrado,2024-05-26,2024-05-28,Avanza,
171,Asignado,2024-03-26,2024-04-01,Avanza,
171,En proceso,2024-04-01,2024-04-07,Se cancela,Error interno
172,Asignado,2024-01-18,2024-01-20,Se cancela,Error interno
173,Asignado,2024-05-14,2024-05-16,Se cancela,Error interno
174,Asignado,2024-04-19,2024-04-22,Avanza,
174,En proceso,2024-04-22,2024-04-27,Se cancela,Error interno
175,Asignado,2024-01-20,2024-01-26,Avanza,
175,En proceso,2024-01-26,2024-01-30,Se cancela,Error interno
176,Asignado,2024-02-10,2024-02-17,Avanza,
176,En proceso,2024-02-17,2024-02-24,Avanza,
176,Escalado,2024-02-24,2024-02-26,Avanza,
176,Cerrado,2024-02-26,2024-02-29,Se cancela,Sin respuesta
177,Asignado,2024-06-21,2024-06-23,Avanza,
177,En proceso,2024-06-23,2024-06-25,Avanza,
177,Escalado,2024-06-25,2024-06-26,Avanza,
177,Cerrado,2024-06-26,2024-06-27,Se cancela,Sin respuesta
178,Asignado,2024-06-24,2024-07-01,Avanza,
178,En proceso,2024-07-01,2024-07-03,Avanza,
178,Escalado,2024-07-03,2024-07-08,Avanza,
178,Resuelto,2024-07-08,2024-07-11,Avanza,
178,Cerrado,2024-07-08,2024-07-10,Avanza,
179,Asignado,2024-03-31,2024-04-01,Avanza,
179,En proceso,2024-04-01,2024-04-02,Avanza,
179,Escalado,2024-04-02,2024-04-09,Se cancela,Sin respuesta
180,Asignado,2024-01-19,2024-01-20,Avanza,
180,En proceso,2024-01-20,2024-01-26,Se cancela,Sin respuesta
181,Asignado,2024-05-09,2024-05-10,Avanza,
181,En proceso,2024-05-10,2024-05-16,Avanza,
181,Escalado,2024-05-16,2024-05-20,Avanza,
181,Resuelto,2024-05-20,2024-05-23,Avanza,
181,Cerrado,2024-05-20,2024-05-22,Avanza,
182,Asignado,2024-01-22,2024-01-25,Avanza,
182,En proceso,2024-01-25,2024-01-26,Avanza,
182,Escalado,2024-01-26,2024-01-28,Avanza,
182,Resuelto,2024-01-28,2024-02-01,Avanza,
182,Cerrado,2024-01-28,2024-01-31,Avanza,
183,Asignado,2024-03-14,2024-03-21,Avanza,
183,En proceso,2024-03-21,2024-03-23,Avanza,
183,Escalado,2024-03-23,2024-03-30,Avanza,
183,Resuelto,2024-03-30,2024-04-02,Avanza,
183,Cerrado,2024-03-30,2024-04-02,Avanza,
184,Asignado,2024-04-23,2024-04-26,Avanza,
184,En proceso,2024-04-26,2024-05-03,Avanza,
184,Escalado,2024-05-03,2024-05-07,Avanza,
184,Resuelto,2024-05-07,2024-05-08,Avanza,
184,Cerrado,2024-05-07,2024-05-08,Avanza,
185,Asignado,2024-02-08,2024-02-14,Avanza,
185,En proceso,2024-02-14,2024-02-17,Se cancela,Error interno
186,Asignado,2024-04-15,2024-04-17,Avanza,
186,En proceso,2024-04-17,2024-04-20,Se cancela,Cliente desistió
187,Asignado,2024-06-01,2024-06-05,Avanza,
187,En proceso,2024-06-05,2024-06-12,Se cancela,Error interno
188,Asignado,2024-01-18,2024-01-19,Se cancela,Error interno
189,Asignado,2024-02-28,2024-03-05,Avanza,
189,En proceso,2024-03-05,2024-03-10,Avanza,
189,Escalado,2024-03-10,2024-03-17,Avanza,
189,Resuelto,2024-03-17,2024-03-18,Avanza,
189,Cerrado,2024-03-17,2024-03-18,Avanza,
190,Asignado,2024-02-06,2024-02-07,Se cancela,Cliente desistió
191,Asignado,2024-06-09,2024-06-16,Avanza,
191,En proceso,2024-06-16,2024-06-23,Avanza,
191,Escalado,2024-06-23,2024-06-29,Avanza,
191,Resuelto,2024-06-29,2024-07-02,Avanza,
191,Cerrado,2024-06-29,2024-07-02,Avanza,
192,Asignado,2024-01-29,2024-02-02,Avanza,
192,En proceso,2024-02-02,2024-02-08,Avanza,
192,Escalado,2024-02-08,2024-02-15,Avanza,
192,Cerrado,2024-02-15,2024-02-16,Se cancela,Error interno
193,Asignado,2024-06-01,2024-06-07,Avanza,
193,En proceso,2024-06-07,2024-06-11,Se cancela,Cliente desistió
194,Asignado,2024-04-22,2024-04-27,Avanza,
194,En proceso,2024-04-27,2024-05-01,Se cancela,Error interno
195,Asignado,2024-04-16,2024-04-23,Avanza,
195,En proceso,2024-04-23,2024-04-30,Avanza,
195,Escalado,2024-04-30,2024-05-04,Avanza,
195,Resuelto,2024-05-04,2024-05-07,Avanza,
195,Cerrado,2024-05-04,2024-05-05,Avanza,
196,Asignado,2024-01-20,2024-01-23,Avanza,
196,En proceso,2024-01-23,2024-01-28,Avanza,
196,Escalado,2024-01-28,2024-02-01,Avanza,
196,Resuelto,2024-02-01,2024-02-03,Avanza,
196,Cerrado,2024-02-01,2024-02-03,Avanza,
197,Asignado,2024-06-19,2024-06-25,Se cancela,Cliente desistió
198,Asignado,2024-01-08,2024-01-09,Avanza,
198,En proceso,2024-01-09,2024-01-15,Avanza,
198,Escalado,2024-01-15,2024-01-17,Avanza,
198,Resuelto,2024-01-17,2024-01-18,Avanza,
198,Cerrado,2024-01-17,2024-01-19,Avanza,
199,Asignado,2024-06-17,2024-06-24,Avanza,
199,En proceso,2024-06-24,2024-07-01,Se cancela,Cliente desistió
200,Asignado,2024-05-05,2024-05-07,Se cancela,Error interno
201,Asignado,2024-06-22,2024-06-28,Avanza,
201,En proceso,2024-06-28,2024-06-29,Avanza,
201,Escalado,2024-06-29,2024-07-04,Avanza,
201,Resuelto,2024-07-04,2024-07-08,Avanza,
201,Cerrado,2024-07-04,2024-07-05,Avanza,
202,Asignado,2024-02-29,2024-03-01,Avanza,
202,En proceso,2024-03-01,2024-03-06,Avanza,
202,Escalado,2024-03-06,2024-03-08,Avanza,
202,Resuelto,2024-03-08,2024-03-12,Avanza,
202,Cerrado,2024-03-08,2024-03-10,Avanza,
203,Asignado,2024-05-08,2024-05-12,Avanza,
203,En proceso,2024-05-12,2024-05-13,Avanza,
203,Escalado,2024-05-13,2024-05-16,Avanza,
203,Cerrado,2024-05-16,2024-05-19,Se cancela,Error interno
204,Asignado,2024-03-09,2024-03-15,Se cancela,Sin respuesta
205,Asignado,2024-05-07,2024-05-10,Avanza,
205,En proceso,2024-05-10,2024-05-13,Avanza,
205,Escalado,2024-05-13,2024-05-16,Avanza,
205,Resuelto,2024-05-16,2024-05-18,Avanza,
205,Cerrado,2024-05-16,2024-05-17,Avanza,
206,Asignado,2024-05-25,2024-05-26,Avanza,
206,En proceso,2024-05-26,2024-05-30,Avanza,
206,Escalado,2024-05-30,2024-06-01,Avanza,
206,Resuelto,2024-06-01,2024-06-04,Avanza,
206,Cerrado,2024-06-01,2024-06-03,Avanza,
207,Asignado,2024-05-08,2024-05-13,Avanza,
207,En proceso,2024-05-13,2024-05-18,Se cancela,Error interno
208,Asignado,2024-01-06,2024-01-13,Avanza,
208,En proceso,2024-01-13,2024-01-15,Avanza,
208,Escalado,2024-01-15,2024-01-20,Se cancela,Cliente desistió
209,Asignado,2024-04-27,2024-04-29,Se cancela,Error interno
210,Asignado,2024-05-21,2024-05-24,Avanza,
210,En proceso,2024-05-24,2024-05-31,Avanza,
210,Escalado,2024-05-31,2024-06-05,Se cancela,Sin respuesta
211,Asignado,2024-03-18,2024-03-20,Avanza,
211,En proceso,2024-03-20,2024-03-26,Avanza,
211,Escalado,2024-03-26,2024-03-30,Se cancela,Sin respuesta
212,Asignado,2024-06-18,2024-06-25,Se cancela,Sin respuesta
213,Asignado,2024-05-11,2024-05-18,Se cancela,Cliente desistió
214,Asignado,2024-05-09,2024-05-15,Avanza,
214,En proceso,2024-05-15,2024-05-22,Se cancela,Sin respuesta
215,Asignado,2024-04-16,2024-04-20,Se cancela,Cliente desistió
216,Asignado,2024-06-27,2024-06-30,Se cancela,Error interno
217,Asignado,2024-02-10,2024-02-14,Avanza,
217,En proceso,2024-02-14,2024-02-17,Avanza,
217,Escalado,2024-02-17,2024-02-24,Avanza,
217,Resuelto,2024-02-24,2024-02-27,Avanza,
217,Cerrado,2024-02-24,2024-02-26,Avanza,
218,Asignado,2024-04-12,2024-04-13,Avanza,
218,En proceso,2024-04-13,2024-04-14,Avanza,
218,Escalado,2024-04-14,2024-04-20,Avanza,
218,Cerrado,2024-04-20,2024-04-21,Se cancela,Cliente desistió
219,Asignado,2024-03-13,2024-03-18,Avanza,
219,En proceso,2024-03-18,2024-03-25,Avanza,
219,Escalado,2024-03-25,2024-03-26,Avanza,
219,Resuelto,2024-03-26,2024-03-30,Avanza,
219,Cerrado,2024-03-26,2024-03-27,Avanza,
220,Asignado,2024-06-13,2024-06-15,Avanza,
220,En proceso,2024-06-15,2024-06-16,Avanza,
220,Escalado,2024-06-16,2024-06-21,Se cancela,Error interno
221,Asignado,2024-06-05,2024-06-12,Avanza,
221,En proceso,2024-06-12,2024-06-19,Avanza,
221,Escalado,2024-06-19,2024-06-20,Avanza,
221,Resuelto,2024-06-20,2024-06-23,Avanza,
221,Cerrado,2024-06-20,2024-06-23,Avanza,
222,Asignado,2024-06-14,2024-06-18,Avanza,
222,En proceso,2024-06-18,2024-06-21,Avanza,
222,Escalado,2024-06-21,2024-06-26,Avanza,
222,Resuelto,2024-06-26,2024-06-28,Avanza,
222,Cerrado,2024-06-26,2024-06-29,Avanza,
223,Asignado,2024-01-08,2024-01-11,Avanza,
223,En proceso,2024-01-11,2024-01-12,Avanza,
223,Escalado,2024-01-12,2024-01-17,Avanza,
223,Resuelto,2024-01-17,2024-01-19,Avanza,
223,Cerrado,2024-01-17,2024-01-20,Avanza,
224,Asignado,2024-03-13,2024-03-15,Se cancela,Cliente desistió
225,Asignado,2024-02-28,2024-03-01,Avanza,
225,En proceso,2024-03-01,2024-03-06,Avanza,
225,Escalado,2024-03-06,2024-03-13,Avanza,
225,Resuelto,2024-03-13,2024-03-15,Avanza,
225,Cerrado,2024-03-13,2024-03-15,Avanza,
226,Asignado,2024-01-10,2024-01-16,Se cancela,Error interno
227,Asignado,2024-02-28,2024-03-02,Avanza,
227,En proceso,2024-03-02,2024-03-04,Avanza,
227,Escalado,2024-03-04,2024-03-09,Avanza,
227,Resuelto,2024-03-09,2024-03-13,Avanza,
227,Cerrado,2024-03-09,2024-03-12,Avanza,
228,Asignado,2024-03-11,2024-03-12,Avanza,
228,En proceso,2024-03-12,2024-03-13,Avanza,
228,Escalado,2024-03-13,2024-03-16,Avanza,
228,Cerrado,2024-03-16,2024-03-17,Se cancela,Sin respuesta
229,Asignado,2024-05-12,2024-05-15,Avanza,
229,En proceso,2024-05-15,2024-05-19,Avanza,
229,Escalado,2024-05-19,2024-05-25,Avanza,
229,Resuelto,2024-05-25,2024-05-27,Avanza,
229,Cerrado,2024-05-25,2024-05-28,Avanza,
230,Asignado,2024-05-11,2024-05-18,Se cancela,Error interno
231,Asignado,2024-06-02,2024-06-05,Avanza,
231,En proceso,2024-06-05,2024-06-08,Avanza,
231,Escalado,2024-06-08,2024-06-11,Avanza,
231,Resuelto,2024-06-11,2024-06-14,Avanza,
231,Cerrado,2024-06-11,2024-06-14,Avanza,
232,Asignado,2024-05-02,2024-05-05,Avanza,
232,En proceso,2024-05-05,2024-05-07,Se cancela,Error interno
233,Asignado,2024-01-19,2024-01-23,Avanza,
233,En proceso,2024-01-23,2024-01-25,Avanza,
233,Escalado,2024-01-25,2024-01-27,Avanza,
233,Cerrado,2024-01-27,2024-01-28,Se cancela,Error interno
234,Asignado,2024-06-13,2024-06-14,Avanza,
234,En proceso,2024-06-14,2024-06-18,Avanza,
234,Escalado,2024-06-18,2024-06-22,Avanza,
234,Cerrado,2024-06-22,2024-06-23,Se cancela,Cliente desistió
235,Asignado,2024-01-06,2024-01-13,Avanza,
235,En proceso,2024-01-13,2024-01-17,Se cancela,Sin respuesta
236,Asignado,2024-06-03,2024-06-04,Avanza,
236,En proceso,2024-06-04,2024-06-07,Avanza,
236,Escalado,2024-06-07,2024-06-14,Avanza,
236,Resuelto,2024-06-14,2024-06-16,Avanza,
236,Cerrado,2024-06-14,2024-06-17,Avanza,
237,Asignado,2024-03-02,2024-03-09,Avanza,
237,En proceso,2024-03-09,2024-03-14,Avanza,
237,Escalado,2024-03-14,2024-03-20,Se cancela,Cliente desistió
238,Asignado,2024-04-18,2024-04-24,Se cancela,Error interno
239,Asignado,2024-03-31,2024-04-03,Avanza,
239,En proceso,2024-04-03,2024-04-05,Se cancela,Error interno
240,Asignado,2024-05-17,2024-05-23,Avanza,
240,En proceso,2024-05-23,2024-05-30,Avanza,
240,Escalado,2024-05-30,2024-06-03,Avanza,
240,Cerrado,2024-06-03,2024-06-05,Se cancela,Error interno
241,Asignado,2024-05-14,2024-05-15,Avanza,
241,En proceso,2024-05-15,2024-05-22,Avanza,
241,Escalado,2024-05-22,2024-05-28,Avanza,
241,Resuelto,2024-05-28,2024-06-01,Avanza,
241,Cerrado,2024-05-28,2024-05-30,Avanza,
242,Asignado,2024-06-04,2024-06-10,Avanza,
242,En proceso,2024-06-10,2024-06-13,Avanza,
242,Escalado,2024-06-13,2024-06-14,Avanza,
242,Resuelto,2024-06-14,2024-06-17,Avanza,
242,Cerrado,2024-06-14,2024-06-17,Avanza,
243,Asignado,2024-05-25,2024-05-31,Se cancela,Cliente desistió
244,Asignado,2024-04-20,2024-04-21,Avanza,
244,En proceso,2024-04-21,2024-04-28,Avanza,
244,Escalado,2024-04-28,2024-05-01,Avanza,
244,Cerrado,2024-05-01,2024-05-02,Se cancela,Error interno
245,Asignado,2024-04-06,2024-04-13,Avanza,
245,En proceso,2024-04-13,2024-04-15,Avanza,
245,Escalado,2024-04-15,2024-04-22,Avanza,
245,Resuelto,2024-04-22,2024-04-24,Avanza,
245,Cerrado,2024-04-22,2024-04-23,Avanza,
246,Asignado,2024-01-26,2024-01-30,Avanza,
246,En proceso,2024-01-30,2024-02-04,Avanza,
246,Escalado,2024-02-04,2024-02-11,Avanza,
246,Cerrado,2024-02-11,2024-02-12,Se cancela,Error interno
247,Asignado,2024-03-23,2024-03-29,Se cancela,Cliente desistió
248,Asignado,2024-01-13,2024-01-16,Avanza,
248,En proceso,2024-01-16,2024-01-20,Se cancela,Cliente desistió
249,Asignado,2024-02-24,2024-02-26,Avanza,
249,En proceso,2024-02-26,2024-03-04,Avanza,
249,Escalado,2024-03-04,2024-03-07,Avanza,
249,Resuelto,2024-03-07,2024-03-08,Avanza,
249,Cerrado,2024-03-07,2024-03-08,Avanza,
250,Asignado,2024-04-19,2024-04-22,Avanza,
250,En proceso,2024-04-22,2024-04-23,Avanza,
250,Escalado,2024-04-23,2024-04-25,Avanza,
250,Resuelto,2024-04-25,2024-04-29,Avanza,
250,Cerrado,2024-04-25,2024-04-27,Avanza,
251,Asignado,2024-01-10,2024-01-15,Avanza,
251,En proceso,2024-01-15,2024-01-21,Avanza,
251,Escalado,2024-01-21,2024-01-24,Avanza,
251,Resuelto,2024-01-24,2024-01-27,Avanza,
251,Cerrado,2024-01-24,2024-01-26,Avanza,
252,Asignado,2024-05-08,2024-05-15,Avanza,
252,En proceso,2024-05-15,2024-05-21,Se cancela,Error interno
253,Asignado,2024-06-19,2024-06-23,Avanza,
253,En proceso,2024-06-23,2024-06-28,Se cancela,Sin respuesta
254,Asignado,2024-01-26,2024-01-27,Avanza,
254,En proceso,2024-01-27,2024-01-30,Avanza,
254,Escalado,2024-01-30,2024-02-02,Se cancela,Error interno
255,Asignado,2024-06-26,2024-07-01,Avanza,
255,En proceso,2024-07-01,2024-07-07,Avanza,
255,Escalado,2024-07-07,2024-07-10,Avanza,
255,Resuelto,2024-07-10,2024-07-12,Avanza,
255,Cerrado,2024-07-10,2024-07-13,Avanza,
256,Asignado,2024-05-13,2024-05-17,Avanza,
256,En proceso,2024-05-17,2024-05-24,Avanza,
256,Escalado,2024-05-24,2024-05-31,Avanza,
256,Resuelto,2024-05-31,2024-06-02,Avanza,
256,Cerrado,2024-05-31,2024-06-03,Avanza,
257,Asignado,2024-03-10,2024-03-11,Avanza,
257,En proceso,2024-03-11,2024-03-18,Avanza,
257,Escalado,2024-03-18,2024-03-20,Avanza,
257,Resuelto,2024-03-20,2024-03-22,Avanza,
257,Cerrado,2024-03-20,2024-03-23,Avanza,
258,Asignado,2024-04-12,2024-04-13,Avanza,
258,En proceso,2024-04-13,2024-04-16,Avanza,
258,Escalado,2024-04-16,2024-04-21,Se cancela,Error interno
259,Asignado,2024-03-01,2024-03-03,Avanza,
259,En proceso,2024-03-03,2024-03-07,Avanza,
259,Escalado,2024-03-07,2024-03-14,Avanza,
259,Resuelto,2024-03-14,2024-03-18,Avanza,
259,Cerrado,2024-03-14,2024-03-16,Avanza,
260,Asignado,2024-01-02,2024-01-03,Avanza,
260,En proceso,2024-01-03,2024-01-08,Avanza,
260,Escalado,2024-01-08,2024-01-15,Avanza,
260,Resuelto,2024-01-15,2024-01-17,Avanza,
260,Cerrado,2024-01-15,2024-01-18,Avanza,
261,Asignado,2024-02-08,2024-02-09,Avanza,
261,En proceso,2024-02-09,2024-02-12,Avanza,
261,Escalado,2024-02-12,2024-02-16,Avanza,
261,Cerrado,2024-02-16,2024-02-18,Se cancela,Error interno
262,Asignado,2024-04-08,2024-04-11,Avanza,
262,En proceso,2024-04-11,2024-04-17,Avanza,
262,Escalado,2024-04-17,2024-04-21,Avanza,
262,Resuelto,2024-04-21,2024-04-22,Avanza,
262,Cerrado,2024-04-21,2024-04-23,Avanza,
263,Asignado,2024-03-08,2024-03-15,Avanza,
263,En proceso,2024-03-15,2024-03-21,Se cancela,Cliente desistió
264,Asignado,2024-06-08,2024-06-14,Avanza,
264,En proceso,2024-06-14,2024-06-19,Avanza,
264,Escalado,2024-06-19,2024-06-22,Avanza,
264,Resuelto,2024-06-22,2024-06-26,Avanza,
264,Cerrado,2024-06-22,2024-06-25,Avanza,
265,Asignado,2024-01-28,2024-02-03,Avanza,
265,En proceso,2024-02-03,2024-02-09,Avanza,
265,Escalado,2024-02-09,2024-02-16,Avanza,
265,Cerrado,2024-02-16,2024-02-19,Se cancela,Error interno
266,Asignado,2024-03-10,2024-03-11,Se cancela,Error interno
267,Asignado,2024-06-04,2024-06-07,Avanza,
267,En proceso,2024-06-07,2024-06-13,Avanza,
267,Escalado,2024-06-13,2024-06-14,Avanza,
267,Resuelto,2024-06-14,2024-06-18,Avanza,
267,Cerrado,2024-06-14,2024-06-16,Avanza,
268,Asignado,2024-01-19,2024-01-24,Avanza,
268,En proceso,2024-01-24,2024-01-31,Avanza,
268,Escalado,2024-01-31,2024-02-01,Se cancela,Cliente desistió
269,Asignado,2024-04-01,2024-04-03,Avanza,
269,En proceso,2024-04-03,2024-04-06,Avanza,
269,Escalado,2024-04-06,2024-04-09,Avanza,
269,Resuelto,2024-04-09,2024-04-13,Avanza,
269,Cerrado,2024-04-09,2024-04-10,Avanza,
270,Asignado,2024-03-21,2024-03-22,Avanza,
270,En proceso,2024-03-22,2024-03-29,Avanza,
270,Escalado,2024-03-29,2024-04-04,Avanza,
270,Resuelto,2024-04-04,2024-04-06,Avanza,
270,Cerrado,2024-04-04,2024-04-06,Avanza,
271,Asignado,2024-02-08,2024-02-11,Avanza,
271,En proceso,2024-02-11,2024-02-15,Avanza,
271,Escalado,2024-02-15,2024-02-19,Avanza,
271,Resuelto,2024-02-19,2024-02-20,Avanza,
271,Cerrado,2024-02-19,2024-02-21,Avanza,
272,Asignado,2024-06-09,2024-06-11,Se cancela,Error interno
273,Asignado,2024-03-27,2024-04-03,Se cancela,Sin respuesta
274,Asignado,2024-01-21,2024-01-23,Se cancela,Error interno
275,Asignado,2024-06-07,2024-06-11,Avanza,
275,En proceso,2024-06-11,2024-06-13,Se cancela,Cliente desistió
276,Asignado,2024-02-03,2024-02-04,Avanza,
276,En proceso,2024-02-04,2024-02-07,Avanza,
276,Escalado,2024-02-07,2024-02-11,Avanza,
276,Resuelto,2024-02-11,2024-02-15,Avanza,
276,Cerrado,2024-02-11,2024-02-13,Avanza,
277,Asignado,2024-02-28,2024-02-29,Se cancela,Error interno
278,Asignado,2024-01-14,2024-01-18,Avanza,
278,En proceso,2024-01-18,2024-01-24,Avanza,
278,Escalado,2024-01-24,2024-01-30,Se cancela,Error interno
279,Asignado,2024-03-10,2024-03-16,Avanza,
279,En proceso,2024-03-16,2024-03-19,Se cancela,Cliente desistió
280,Asignado,2024-04-04,2024-04-06,Avanza,
280,En proceso,2024-04-06,2024-04-08,Avanza,
280,Escalado,2024-04-08,2024-04-12,Se cancela,Sin respuesta
281,Asignado,2024-01-02,2024-01-09,Avanza,
281,En proceso,2024-01-09,2024-01-10,Avanza,
281,Escalado,2024-01-10,2024-01-16,Avanza,
281,Resuelto,2024-01-16,2024-01-17,Avanza,
281,Cerrado,2024-01-16,2024-01-19,Avanza,
282,Asignado,2024-02-03,2024-02-05,Avanza,
282,En proceso,2024-02-05,2024-02-12,Avanza,
282,Escalado,2024-02-12,2024-02-18,Avanza,
282,Cerrado,2024-02-18,2024-02-19,Se cancela,Cliente desistió
283,Asignado,2024-01-07,2024-01-08,Avanza,
283,En proceso,2024-01-08,2024-01-14,Avanza,
283,Escalado,2024-01-14,2024-01-18,Avanza,
283,Cerrado,2024-01-18,2024-01-19,Se cancela,Sin respuesta
284,Asignado,2024-02-13,2024-02-18,Avanza,
284,En proceso,2024-02-18,2024-02-21,Avanza,
284,Escalado,2024-02-21,2024-02-25,Avanza,
284,Resuelto,2024-02-25,2024-02-26,Avanza,
284,Cerrado,2024-02-25,2024-02-27,Avanza,
285,Asignado,2024-03-28,2024-03-31,Avanza,
285,En proceso,2024-03-31,2024-04-01,Avanza,
285,Escalado,2024-04-01,2024-04-06,Avanza,
285,Resuelto,2024-04-06,2024-04-10,Avanza,
285,Cerrado,2024-04-06,2024-04-09,Avanza,
286,Asignado,2024-05-09,2024-05-11,Avanza,
286,En proceso,2024-05-11,2024-05-16,Se cancela,Sin respuesta
287,Asignado,2024-03-01,2024-03-04,Avanza,
287,En proceso,2024-03-04,2024-03-08,Avanza,
287,Escalado,2024-03-08,2024-03-09,Avanza,
287,Cerrado,2024-03-09,2024-03-12,Se cancela,Cliente desistió
288,Asignado,2024-03-29,2024-04-05,Avanza,
288,En proceso,2024-04-05,2024-04-08,Avanza,
288,Escalado,2024-04-08,2024-04-11,Avanza,
288,Resuelto,2024-04-11,2024-04-12,Avanza,
288,Cerrado,2024-04-11,2024-04-12,Avanza,
289,Asignado,2024-02-17,2024-02-18,Se cancela,Sin respuesta
290,Asignado,2024-06-24,2024-06-28,Se cancela,Error interno
291,Asignado,2024-01-12,2024-01-17,Avanza,
291,En proceso,2024-01-17,2024-01-22,Avanza,
291,Escalado,2024-01-22,2024-01-29,Avanza,
291,Resuelto,2024-01-29,2024-02-01,Avanza,
291,Cerrado,2024-01-29,2024-01-30,Avanza,
292,Asignado,2024-01-31,2024-02-05,Avanza,
292,En proceso,2024-02-05,2024-02-08,Avanza,
292,Escalado,2024-02-08,2024-02-14,Avanza,
292,Resuelto,2024-02-14,2024-02-17,Avanza,
292,Cerrado,2024-02-14,2024-02-16,Avanza,
293,Asignado,2024-05-28,2024-06-01,Avanza,
293,En proceso,2024-06-01,2024-06-02,Se cancela,Sin respuesta
294,Asignado,2024-06-21,2024-06-22,Se cancela,Sin respuesta
295,Asignado,2024-06-29,2024-07-02,Avanza,
295,En proceso,2024-07-02,2024-07-05,Se cancela,Sin respuesta
296,Asignado,2024-03-09,2024-03-11,Avanza,
296,En proceso,2024-03-11,2024-03-12,Avanza,
296,Escalado,2024-03-12,2024-03-14,Avanza,
296,Resuelto,2024-03-14,2024-03-15,Avanza,
296,Cerrado,2024-03-14,2024-03-15,Avanza,
297,Asignado,2024-03-24,2024-03-29,Se cancela,Cliente desistió
298,Asignado,2024-01-12,2024-01-14,Avanza,
298,En proceso,2024-01-14,2024-01-17,Se cancela,Error interno
299,Asignado,2024-03-23,2024-03-28,Avanza,
299,En proceso,2024-03-28,2024-04-03,Avanza,
299,Escalado,2024-04-03,2024-04-08,Avanza,
299,Cerrado,2024-04-08,2024-04-11,Se cancela,Cliente desistió
300,Asignado,2024-05-11,2024-05-17,Avanza,
300,En proceso,2024-05-17,2024-05-18,Avanza,
300,Escalado,2024-05-18,2024-05-22,Avanza,
300,Resuelto,2024-05-22,2024-05-24,Avanza,
300,Cerrado,2024-05-22,2024-05-25,Avanza,
301,Asignado,2024-04-06,2024-04-09,Avanza,
301,En proceso,2024-04-09,2024-04-15,Se cancela,Cliente desistió
302,Asignado,2024-06-01,2024-06-07,Avanza,
302,En proceso,2024-06-07,2024-06-13,Avanza,
302,Escalado,2024-06-13,2024-06-20,Avanza,
302,Resuelto,2024-06-20,2024-06-22,Avanza,
302,Cerrado,2024-06-20,2024-06-21,Avanza,
303,Asignado,2024-05-23,2024-05-30,Se cancela,Error interno
304,Asignado,2024-03-02,2024-03-04,Se cancela,Cliente desistió
305,Asignado,2024-05-02,2024-05-06,Avanza,
305,En proceso,2024-05-06,2024-05-10,Avanza,
305,Escalado,2024-05-10,2024-05-13,Avanza,
305,Resuelto,2024-05-13,2024-05-16,Avanza,
305,Cerrado,2024-05-13,2024-05-15,Avanza,
306,Asignado,2024-04-09,2024-04-16,Avanza,
306,En proceso,2024-04-16,2024-04-18,Se cancela,Sin respuesta
307,Asignado,2024-02-01,2024-02-08,Se cancela,Sin respuesta
308,Asignado,2024-05-22,2024-05-23,Avanza,
308,En proceso,2024-05-23,2024-05-29,Avanza,
308,Escalado,2024-05-29,2024-06-04,Avanza,
308,Resuelto,2024-06-04,2024-06-06,Avanza,
308,Cerrado,2024-06-04,2024-06-05,Avanza,
309,Asignado,2024-05-30,2024-05-31,Avanza,
309,En proceso,2024-05-31,2024-06-01,Avanza,
309,Escalado,2024-06-01,2024-06-08,Avanza,
309,Resuelto,2024-06-08,2024-06-09,Avanza,
309,Cerrado,2024-06-08,2024-06-09,Avanza,
310,Asignado,2024-01-22,2024-01-23,Avanza,
310,En proceso,2024-01-23,2024-01-28,Avanza,
310,Escalado,2024-01-28,2024-01-30,Avanza,
310,Resuelto,2024-01-30,2024-02-02,Avanza,
310,Cerrado,2024-01-30,2024-02-01,Avanza,
311,Asignado,2024-01-26,2024-01-29,Avanza,
311,En proceso,2024-01-29,2024-02-05,Avanza,
311,Escalado,2024-02-05,2024-02-08,Se cancela,Sin respuesta
312,Asignado,2024-04-02,2024-04-06,Avanza,
312,En proceso,2024-04-06,2024-04-13,Avanza,
312,Escalado,2024-04-13,2024-04-14,Avanza,
312,Resuelto,2024-04-14,2024-04-15,Avanza,
312,Cerrado,2024-04-14,2024-04-16,Avanza,
313,Asignado,2024-03-02,2024-03-06,Avanza,
313,En proceso,2024-03-06,2024-03-09,Avanza,
313,Escalado,2024-03-09,2024-03-15,Avanza,
313,Resuelto,2024-03-15,2024-03-17,Avanza,
313,Cerrado,2024-03-15,2024-03-18,Avanza,
314,Asignado,2024-01-21,2024-01-27,Se cancela,Error interno
315,Asignado,2024-05-15,2024-05-20,Avanza,
315,En proceso,2024-05-20,2024-05-23,Avanza,
315,Escalado,2024-05-23,2024-05-29,Avanza,
315,Resuelto,2024-05-29,2024-06-02,Avanza,
315,Cerrado,2024-05-29,2024-05-31,Avanza,
316,Asignado,2024-04-25,2024-04-26,Avanza,
316,En proceso,2024-04-26,2024-05-03,Avanza,
316,Escalado,2024-05-03,2024-05-10,Se cancela,Sin respuesta
317,Asignado,2024-01-19,2024-01-23,Se cancela,Cliente desistió
318,Asignado,2024-03-26,2024-03-29,Avanza,
318,En proceso,2024-03-29,2024-03-30,Avanza,
318,Escalado,2024-03-30,2024-04-01,Se cancela,Cliente desistió
319,Asignado,2024-03-03,2024-03-08,Avanza,
319,En proceso,2024-03-08,2024-03-12,Avanza,
319,Escalado,2024-03-12,2024-03-18,Avanza,
319,Resuelto,2024-03-18,2024-03-22,Avanza,
319,Cerrado,2024-03-18,2024-03-20,Avanza,
320,Asignado,2024-04-02,2024-04-04,Avanza,
320,En proceso,2024-04-04,2024-04-05,Avanza,
320,Escalado,2024-04-05,2024-04-12,Avanza,
320,Resuelto,2024-04-12,2024-04-16,Avanza,
320,Cerrado,2024-04-12,2024-04-15,Avanza,
321,Asignado,2024-02-21,2024-02-22,Avanza,
321,En proceso,2024-02-22,2024-02-29,Se cancela,Cliente desistió
322,Asignado,2024-05-04,2024-05-05,Avanza,
322,En proceso,2024-05-05,2024-05-11,Avanza,
322,Escalado,2024-05-11,2024-05-18,Avanza,
322,Cerrado,2024-05-18,2024-05-21,Se cancela,Sin respuesta
323,Asignado,2024-01-10,2024-01-15,Avanza,
323,En proceso,2024-01-15,2024-01-21,Avanza,
323,Escalado,2024-01-21,2024-01-22,Avanza,
323,Cerrado,2024-01-22,2024-01-25,Se cancela,Cliente desistió
324,Asignado,2024-05-14,2024-05-19,Avanza,
324,En proceso,2024-05-19,2024-05-22,Avanza,
324,Escalado,2024-05-22,2024-05-29,Avanza,
324,Resuelto,2024-05-29,2024-06-02,Avanza,
324,Cerrado,2024-05-29,2024-06-01,Avanza,
325,Asignado,2024-02-12,2024-02-14,Avanza,
325,En proceso,2024-02-14,2024-02-18,Avanza,
325,Escalado,2024-02-18,2024-02-23,Avanza,
325,Resuelto,2024-02-23,2024-02-26,Avanza,
325,Cerrado,2024-02-23,2024-02-26,Avanza,
326,Asignado,2024-02-05,2024-02-12,Se cancela,Error interno
327,Asignado,2024-02-19,2024-02-25,Avanza,
327,En proceso,2024-02-25,2024-03-01,Avanza,
327,Escalado,2024-03-01,2024-03-04,Se cancela,Cliente desistió
328,Asignado,2024-04-25,2024-04-30,Avanza,
328,En proceso,2024-04-30,2024-05-01,Avanza,
328,Escalado,2024-05-01,2024-05-06,Avanza,
328,Cerrado,2024-05-06,2024-05-09,Se cancela,Cliente desistió
329,Asignado,2024-01-29,2024-02-01,Avanza,
329,En proceso,2024-02-01,2024-02-06,Avanza,
329,Escalado,2024-02-06,2024-02-07,Avanza,
329,Cerrado,2024-02-07,2024-02-10,Se cancela,Error interno
330,Asignado,2024-06-01,2024-06-04,Avanza,
330,En proceso,2024-06-04,2024-06-05,Avanza,
330,Escalado,2024-06-05,2024-06-09,Se cancela,Cliente desistió
331,Asignado,2024-02-29,2024-03-04,Avanza,
331,En proceso,2024-03-04,2024-03-10,Avanza,
331,Escalado,2024-03-10,2024-03-15,Avanza,
331,Resuelto,2024-03-15,2024-03-19,Avanza,
331,Cerrado,2024-03-15,2024-03-16,Avanza,
332,Asignado,2024-06-24,2024-06-30,Avanza,
332,En proceso,2024-06-30,2024-07-03,Se cancela,Cliente desistió
333,Asignado,2024-02-26,2024-03-04,Avanza,
333,En proceso,2024-03-04,2024-03-06,Avanza,
333,Escalado,2024-03-06,2024-03-08,Avanza,
333,Cerrado,2024-03-08,2024-03-10,Se cancela,Cliente desistió
334,Asignado,2024-02-17,2024-02-20,Avanza,
334,En proceso,2024-02-20,2024-02-22,Avanza,
334,Escalado,2024-02-22,2024-02-23,Avanza,
334,Cerrado,2024-02-23,2024-02-26,Se cancela,Cliente desistió
335,Asignado,2024-05-01,2024-05-03,Avanza,
335,En proceso,2024-05-03,2024-05-04,Avanza,
335,Escalado,2024-05-04,2024-05-10,Avanza,
335,Resuelto,2024-05-10,2024-05-14,Avanza,
335,Cerrado,2024-05-10,2024-05-11,Avanza,
336,Asignado,2024-03-10,2024-03-11,Avanza,
336,En proceso,2024-03-11,2024-03-14,Avanza,
336,Escalado,2024-03-14,2024-03-15,Se cancela,Error interno
337,Asignado,2024-06-01,2024-06-04,Avanza,
337,En proceso,2024-06-04,2024-06-09,Avanza,
337,Escalado,2024-06-09,2024-06-16,Avanza,
337,Cerrado,2024-06-16,2024-06-19,Se cancela,Sin respuesta
338,Asignado,2024-05-27,2024-05-28,Avanza,
338,En proceso,2024-05-28,2024-06-01,Avanza,
338,Escalado,2024-06-01,2024-06-05,Avanza,
338,Resuelto,2024-06-05,2024-06-09,Avanza,
338,Cerrado,2024-06-05,2024-06-06,Avanza,
339,Asignado,2024-03-11,2024-03-13,Avanza,
339,En proceso,2024-03-13,2024-03-19,Avanza,
339,Escalado,2024-03-19,2024-03-20,Avanza,
339,Resuelto,2024-03-20,2024-03-23,Avanza,
339,Cerrado,2024-03-20,2024-03-23,Avanza,
340,Asignado,2024-03-03,2024-03-10,Avanza,
340,En proceso,2024-03-10,2024-03-15,Se cancela,Sin respuesta
341,Asignado,2024-06-09,2024-06-15,Avanza,
341,En proceso,2024-06-15,2024-06-21,Avanza,
341,Escalado,2024-06-21,2024-06-25,Se cancela,Error interno
342,Asignado,2024-06-20,2024-06-24,Se cancela,Cliente desistió
343,Asignado,2024-06-29,2024-07-06,Avanza,
343,En proceso,2024-07-06,2024-07-11,Avanza,
343,Escalado,2024-07-11,2024-07-12,Se cancela,Error interno
344,Asignado,2024-02-18,2024-02-25,Avanza,
344,En proceso,2024-02-25,2024-02-29,Avanza,
344,Escalado,2024-02-29,2024-03-04,Avanza,
344,Resuelto,2024-03-04,2024-03-06,Avanza,
344,Cerrado,2024-03-04,2024-03-07,Avanza,
345,Asignado,2024-04-20,2024-04-25,Avanza,
345,En proceso,2024-04-25,2024-04-26,Avanza,
345,Escalado,2024-04-26,2024-04-29,Se cancela,Cliente desistió
346,Asignado,2024-05-08,2024-05-15,Avanza,
346,En proceso,2024-05-15,2024-05-17,Se cancela,Sin respuesta
347,Asignado,2024-03-10,2024-03-13,Avanza,
347,En proceso,2024-03-13,2024-03-15,Avanza,
347,Escalado,2024-03-15,2024-03-19,Avanza,
347,Resuelto,2024-03-19,2024-03-20,Avanza,
347,Cerrado,2024-03-19,2024-03-20,Avanza,
348,Asignado,2024-06-25,2024-07-01,Avanza,
348,En proceso,2024-07-01,2024-07-04,Se cancela,Sin respuesta
349,Asignado,2024-05-19,2024-05-20,Avanza,
349,En proceso,2024-05-20,2024-05-21,Avanza,
349,Escalado,2024-05-21,2024-05-23,Avanza,
349,Cerrado,2024-05-23,2024-05-26,Se cancela,Error interno
350,Asignado,2024-01-06,2024-01-13,Se cancela,Sin respuesta
351,Asignado,2024-04-21,2024-04-25,Avanza,
351,En proceso,2024-04-25,2024-04-28,Se cancela,Sin respuesta
352,Asignado,2024-06-29,2024-07-04,Avanza,
352,En proceso,2024-07-04,2024-07-08,Avanza,
352,Escalado,2024-07-08,2024-07-11,Avanza,
352,Resuelto,2024-07-11,2024-07-14,Avanza,
352,Cerrado,2024-07-11,2024-07-14,Avanza,
353,Asignado,2024-05-22,2024-05-24,Avanza,
353,En proceso,2024-05-24,2024-05-28,Avanza,
353,Escalado,2024-05-28,2024-06-02,Se cancela,Cliente desistió
354,Asignado,2024-01-31,2024-02-03,Avanza,
354,En proceso,2024-02-03,2024-02-08,Avanza,
354,Escalado,2024-02-08,2024-02-12,Avanza,
354,Resuelto,2024-02-12,2024-02-14,Avanza,
354,Cerrado,2024-02-12,2024-02-15,Avanza,
355,Asignado,2024-05-03,2024-05-04,Se cancela,Sin respuesta
356,Asignado,2024-03-11,2024-03-12,Avanza,
356,En proceso,2024-03-12,2024-03-17,Avanza,
356,Escalado,2024-03-17,2024-03-20,Avanza,
356,Resuelto,2024-03-20,2024-03-22,Avanza,
356,Cerrado,2024-03-20,2024-03-23,Avanza,
357,Asignado,2024-03-21,2024-03-25,Avanza,
357,En proceso,2024-03-25,2024-03-28,Avanza,
357,Escalado,2024-03-28,2024-04-04,Avanza,
357,Cerrado,2024-04-04,2024-04-06,Se cancela,Sin respuesta
358,Asignado,2024-01-06,2024-01-07,Avanza,
358,En proceso,2024-01-07,2024-01-13,Avanza,
358,Escalado,2024-01-13,2024-01-14,Avanza,
358,Resuelto,2024-01-14,2024-01-17,Avanza,
358,Cerrado,2024-01-14,2024-01-17,Avanza,
359,Asignado,2024-03-07,2024-03-12,Avanza,
359,En proceso,2024-03-12,2024-03-16,Avanza,
359,Escalado,2024-03-16,2024-03-21,Avanza,
359,Resuelto,2024-03-21,2024-03-23,Avanza,
359,Cerrado,2024-03-21,2024-03-23,Avanza,
360,Asignado,2024-01-06,2024-01-11,Se cancela,Sin respuesta
361,Asignado,2024-04-10,2024-04-12,Avanza,
361,En proceso,2024-04-12,2024-04-16,Avanza,
361,Escalado,2024-04-16,2024-04-21,Avanza,
361,Resuelto,2024-04-21,2024-04-23,Avanza,
361,Cerrado,2024-04-21,2024-04-22,Avanza,
362,Asignado,2024-01-05,2024-01-08,Avanza,
362,En proceso,2024-01-08,2024-01-13,Avanza,
362,Escalado,2024-01-13,2024-01-16,Se cancela,Sin respuesta
363,Asignado,2024-03-27,2024-03-29,Avanza,
363,En proceso,2024-03-29,2024-04-04,Avanza,
363,Escalado,2024-04-04,2024-04-08,Avanza,
363,Resuelto,2024-04-08,2024-04-12,Avanza,
363,Cerrado,2024-04-08,2024-04-10,Avanza,
364,Asignado,2024-05-10,2024-05-11,Avanza,
364,En proceso,2024-05-11,2024-05-13,Se cancela,Cliente desistió
365,Asignado,2024-03-16,2024-03-23,Se cancela,Cliente desistió
366,Asignado,2024-04-26,2024-05-02,Se cancela,Sin respuesta
367,Asignado,2024-05-24,2024-05-28,Avanza,
367,En proceso,2024-05-28,2024-05-29,Avanza,
367,Escalado,2024-05-29,2024-05-31,Avanza,
367,Resuelto,2024-05-31,2024-06-04,Avanza,
367,Cerrado,2024-05-31,2024-06-03,Avanza,
368,Asignado,2024-04-22,2024-04-26,Avanza,
368,En proceso,2024-04-26,2024-04-27,Avanza,
368,Escalado,2024-04-27,2024-05-01,Se cancela,Cliente desistió
369,Asignado,2024-06-27,2024-07-04,Avanza,
369,En proceso,2024-07-04,2024-07-10,Se cancela,Sin respuesta
370,Asignado,2024-05-26,2024-05-31,Avanza,
370,En proceso,2024-05-31,2024-06-06,Avanza,
370,Escalado,2024-06-06,2024-06-10,Avanza,
370,Resuelto,2024-06-10,2024-06-12,Avanza,
370,Cerrado,2024-06-10,2024-06-11,Avanza,
371,Asignado,2024-04-13,2024-04-16,Avanza,
371,En proceso,2024-04-16,2024-04-17,Avanza,
371,Escalado,2024-04-17,2024-04-18,Avanza,
371,Resuelto,2024-04-18,2024-04-21,Avanza,
371,Cerrado,2024-04-18,2024-04-19,Avanza,
372,Asignado,2024-06-19,2024-06-26,Avanza,
372,En proceso,2024-06-26,2024-06-29,Avanza,
372,Escalado,2024-06-29,2024-07-03,Avanza,
372,Cerrado,2024-07-03,2024-07-04,Se cancela,Sin respuesta
373,Asignado,2024-06-11,2024-06-15,Se cancela,Sin respuesta
374,Asignado,2024-06-29,2024-07-05,Avanza,
374,En proceso,2024-07-05,2024-07-10,Avanza,
374,Escalado,2024-07-10,2024-07-17,Avanza,
374,Resuelto,2024-07-17,2024-07-18,Avanza,
374,Cerrado,2024-07-17,2024-07-18,Avanza,
375,Asignado,2024-06-15,2024-06-22,Avanza,
375,En proceso,2024-06-22,2024-06-27,Avanza,
375,Escalado,2024-06-27,2024-07-01,Avanza,
375,Cerrado,2024-07-01,2024-07-04,Se cancela,Error interno
376,Asignado,2024-06-07,2024-06-10,Avanza,
376,En proceso,2024-06-10,2024-06-12,Avanza,
376,Escalado,2024-06-12,2024-06-17,Avanza,
376,Resuelto,2024-06-17,2024-06-19,Avanza,
376,Cerrado,2024-06-17,2024-06-20,Avanza,
377,Asignado,2024-03-24,2024-03-30,Avanza,
377,En proceso,2024-03-30,2024-04-04,Se cancela,Sin respuesta
378,Asignado,2024-04-26,2024-05-02,Avanza,
378,En proceso,2024-05-02,2024-05-06,Avanza,
378,Escalado,2024-05-06,2024-05-08,Avanza,
378,Resuelto,2024-05-08,2024-05-12,Avanza,
378,Cerrado,2024-05-08,2024-05-11,Avanza,
379,Asignado,2024-03-04,2024-03-11,Avanza,
379,En proceso,2024-03-11,2024-03-17,Avanza,
379,Escalado,2024-03-17,2024-03-19,Se cancela,Sin respuesta
380,Asignado,2024-04-09,2024-04-15,Avanza,
380,En proceso,2024-04-15,2024-04-17,Avanza,
380,Escalado,2024-04-17,2024-04-22,Se cancela,Sin respuesta
381,Asignado,2024-05-05,2024-05-09,Avanza,
381,En proceso,2024-05-09,2024-05-11,Avanza,
381,Escalado,2024-05-11,2024-05-15,Avanza,
381,Resuelto,2024-05-15,2024-05-17,Avanza,
381,Cerrado,2024-05-15,2024-05-16,Avanza,
382,Asignado,2024-04-26,2024-05-03,Se cancela,Error interno
383,Asignado,2024-06-24,2024-06-26,Avanza,
383,En proceso,2024-06-26,2024-06-27,Avanza,
383,Escalado,2024-06-27,2024-06-28,Avanza,
383,Cerrado,2024-06-28,2024-07-01,Se cancela,Cliente desistió
384,Asignado,2024-02-18,2024-02-25,Se cancela,Error interno
385,Asignado,2024-05-11,2024-05-14,Avanza,
385,En proceso,2024-05-14,2024-05-19,Avanza,
385,Escalado,2024-05-19,2024-05-23,Avanza,
385,Resuelto,2024-05-23,2024-05-24,Avanza,
385,Cerrado,2024-05-23,2024-05-25,Avanza,
386,Asignado,2024-03-05,2024-03-06,Avanza,
386,En proceso,2024-03-06,2024-03-07,Avanza,
386,Escalado,2024-03-07,2024-03-09,Avanza,
386,Resuelto,2024-03-09,2024-03-10,Avanza,
386,Cerrado,2024-03-09,2024-03-12,Avanza,
387,Asignado,2024-06-08,2024-06-11,Avanza,
387,En proceso,2024-06-11,2024-06-13,Avanza,
387,Escalado,2024-06-13,2024-06-16,Se cancela,Error interno
388,Asignado,2024-02-23,2024-02-29,Avanza,
388,En proceso,2024-02-29,2024-03-01,Avanza,
388,Escalado,2024-03-01,2024-03-07,Avanza,
388,Resuelto,2024-03-07,2024-03-11,Avanza,
388,Cerrado,2024-03-07,2024-03-09,Avanza,
389,Asignado,2024-03-20,2024-03-26,Avanza,
389,En proceso,2024-03-26,2024-03-28,Avanza,
389,Escalado,2024-03-28,2024-04-01,Avanza,
389,Resuelto,2024-04-01,2024-04-04,Avanza,
389,Cerrado,2024-04-01,2024-04-02,Avanza,
390,Asignado,2024-06-17,2024-06-19,Se cancela,Sin respuesta
391,Asignado,2024-03-09,2024-03-14,Avanza,
391,En proceso,2024-03-14,2024-03-20,Avanza,
391,Escalado,2024-03-20,2024-03-25,Avanza,
391,Cerrado,2024-03-25,2024-03-28,Se cancela,Sin respuesta
392,Asignado,2024-06-01,2024-06-06,Avanza,
392,En proceso,2024-06-06,2024-06-11,Avanza,
392,Escalado,2024-06-11,2024-06-15,Avanza,
392,Resuelto,2024-06-15,2024-06-16,Avanza,
392,Cerrado,2024-06-15,2024-06-18,Avanza,
393,Asignado,2024-03-07,2024-03-13,Avanza,
393,En proceso,2024-03-13,2024-03-15,Avanza,
393,Escalado,2024-03-15,2024-03-16,Avanza,
393,Cerrado,2024-03-16,2024-03-18,Se cancela,Sin respuesta
394,Asignado,2024-05-18,2024-05-20,Se cancela,Cliente desistió
395,Asignado,2024-06-25,2024-06-29,Avanza,
395,En proceso,2024-06-29,2024-07-05,Avanza,
395,Escalado,2024-07-05,2024-07-12,Avanza,
395,Resuelto,2024-07-12,2024-07-13,Avanza,
395,Cerrado,2024-07-12,2024-07-13,Avanza,
396,Asignado,2024-04-13,2024-04-19,Avanza,
396,En proceso,2024-04-19,2024-04-26,Se cancela,Cliente desistió
397,Asignado,2024-04-24,2024-04-27,Avanza,
397,En proceso,2024-04-27,2024-05-03,Se cancela,Cliente desistió
398,Asignado,2024-01-15,2024-01-20,Se cancela,Error interno
399,Asignado,2024-01-16,2024-01-21,Avanza,
399,En proceso,2024-01-21,2024-01-25,Avanza,
399,Escalado,2024-01-25,2024-02-01,Avanza,
399,Resuelto,2024-02-01,2024-02-02,Avanza,
399,Cerrado,2024-02-01,2024-02-04,Avanza,
400,Asignado,2024-04-23,2024-04-30,Avanza,
400,En proceso,2024-04-30,2024-05-05,Avanza,
400,Escalado,2024-05-05,2024-05-10,Avanza,
400,Resuelto,2024-05-10,2024-05-12,Avanza,
400,Cerrado,2024-05-10,2024-05-12,Avanza,
401,Asignado,2024-04-21,2024-04-27,Avanza,
401,En proceso,2024-04-27,2024-05-03,Avanza,
401,Escalado,2024-05-03,2024-05-09,Avanza,
401,Cerrado,2024-05-09,2024-05-10,Se cancela,Cliente desistió
402,Asignado,2024-04-03,2024-04-07,Avanza,
402,En proceso,2024-04-07,2024-04-10,Avanza,
402,Escalado,2024-04-10,2024-04-17,Avanza,
402,Resuelto,2024-04-17,2024-04-19,Avanza,
402,Cerrado,2024-04-17,2024-04-18,Avanza,
403,Asignado,2024-01-20,2024-01-26,Avanza,
403,En proceso,2024-01-26,2024-01-29,Avanza,
403,Escalado,2024-01-29,2024-02-05,Avanza,
403,Resuelto,2024-02-05,2024-02-06,Avanza,
403,Cerrado,2024-02-05,2024-02-08,Avanza,
404,Asignado,2024-06-12,2024-06-19,Avanza,
404,En proceso,2024-06-19,2024-06-23,Avanza,
404,Escalado,2024-06-23,2024-06-27,Avanza,
404,Resuelto,2024-06-27,2024-06-30,Avanza,
404,Cerrado,2024-06-27,2024-06-30,Avanza,
405,Asignado,2024-05-01,2024-05-05,Avanza,
405,En proceso,2024-05-05,2024-05-07,Avanza,
405,Escalado,2024-05-07,2024-05-13,Avanza,
405,Resuelto,2024-05-13,2024-05-14,Avanza,
405,Cerrado,2024-05-13,2024-05-14,Avanza,
406,Asignado,2024-01-27,2024-02-02,Se cancela,Cliente desistió
407,Asignado,2024-02-05,2024-02-07,Avanza,
407,En proceso,2024-02-07,2024-02-10,Avanza,
407,Escalado,2024-02-10,2024-02-13,Se cancela,Sin respuesta
408,Asignado,2024-02-05,2024-02-06,Avanza,
408,En proceso,2024-02-06,2024-02-13,Avanza,
408,Escalado,2024-02-13,2024-02-17,Avanza,
408,Cerrado,2024-02-17,2024-02-19,Se cancela,Error interno
409,Asignado,2024-03-09,2024-03-13,Avanza,
409,En proceso,2024-03-13,2024-03-15,Avanza,
409,Escalado,2024-03-15,2024-03-21,Avanza,
409,Resuelto,2024-03-21,2024-03-23,Avanza,
409,Cerrado,2024-03-21,2024-03-22,Avanza,
410,Asignado,2024-02-09,2024-02-13,Se cancela,Sin respuesta
411,Asignado,2024-04-19,2024-04-25,Avanza,
411,En proceso,2024-04-25,2024-04-27,Avanza,
411,Escalado,2024-04-27,2024-04-30,Avanza,
411,Resuelto,2024-04-30,2024-05-02,Avanza,
411,Cerrado,2024-04-30,2024-05-03,Avanza,
412,Asignado,2024-01-11,2024-01-14,Avanza,
412,En proceso,2024-01-14,2024-01-19,Avanza,
412,Escalado,2024-01-19,2024-01-26,Avanza,
412,Cerrado,2024-01-26,2024-01-28,Se cancela,Sin respuesta
413,Asignado,2024-04-11,2024-04-18,Avanza,
413,En proceso,2024-04-18,2024-04-24,Avanza,
413,Escalado,2024-04-24,2024-04-29,Se cancela,Sin respuesta
414,Asignado,2024-03-13,2024-03-20,Avanza,
414,En proceso,2024-03-20,2024-03-25,Se cancela,Error interno
415,Asignado,2024-01-17,2024-01-20,Avanza,
415,En proceso,2024-01-20,2024-01-22,Avanza,
415,Escalado,2024-01-22,2024-01-25,Avanza,
415,Resuelto,2024-01-25,2024-01-26,Avanza,
415,Cerrado,2024-01-25,2024-01-28,Avanza,
416,Asignado,2024-06-01,2024-06-08,Avanza,
416,En proceso,2024-06-08,2024-06-09,Avanza,
416,Escalado,2024-06-09,2024-06-13,Avanza,
416,Cerrado,2024-06-13,2024-06-15,Se cancela,Error interno
417,Asignado,2024-04-11,2024-04-13,Se cancela,Sin respuesta
418,Asignado,2024-01-14,2024-01-21,Avanza,
418,En proceso,2024-01-21,2024-01-22,Avanza,
418,Escalado,2024-01-22,2024-01-28,Avanza,
418,Resuelto,2024-01-28,2024-01-29,Avanza,
418,Cerrado,2024-01-28,2024-01-30,Avanza,
419,Asignado,2024-03-20,2024-03-26,Avanza,
419,En proceso,2024-03-26,2024-03-29,Se cancela,Cliente desistió
420,Asignado,2024-05-15,2024-05-22,Se cancela,Sin respuesta
421,Asignado,2024-05-15,2024-05-19,Avanza,
421,En proceso,2024-05-19,2024-05-25,Avanza,
421,Escalado,2024-05-25,2024-06-01,Avanza,
421,Resuelto,2024-06-01,2024-06-04,Avanza,
421,Cerrado,2024-06-01,2024-06-03,Avanza,
422,Asignado,2024-02-13,2024-02-19,Avanza,
422,En proceso,2024-02-19,2024-02-22,Avanza,
422,Escalado,2024-02-22,2024-02-23,Avanza,
422,Resuelto,2024-02-23,2024-02-26,Avanza,
422,Cerrado,2024-02-23,2024-02-26,Avanza,
423,Asignado,2024-02-09,2024-02-14,Avanza,
423,En proceso,2024-02-14,2024-02-15,Avanza,
423,Escalado,2024-02-15,2024-02-21,Avanza,
423,Resuelto,2024-02-21,2024-02-22,Avanza,
423,Cerrado,2024-02-21,2024-02-22,Avanza,
424,Asignado,2024-05-12,2024-05-16,Se cancela,Cliente desistió
425,Asignado,2024-05-04,2024-05-05,Avanza,
425,En proceso,2024-05-05,2024-05-10,Avanza,
425,Escalado,2024-05-10,2024-05-12,Avanza,
425,Resuelto,2024-05-12,2024-05-14,Avanza,
425,Cerrado,2024-05-12,2024-05-15,Avanza,
426,Asignado,2024-02-13,2024-02-19,Avanza,
426,En proceso,2024-02-19,2024-02-24,Avanza,
426,Escalado,2024-02-24,2024-03-01,Avanza,
426,Resuelto,2024-03-01,2024-03-02,Avanza,
426,Cerrado,2024-03-01,2024-03-04,Avanza,
427,Asignado,2024-04-05,2024-04-08,Avanza,
427,En proceso,2024-04-08,2024-04-13,Avanza,
427,Escalado,2024-04-13,2024-04-19,Avanza,
427,Resuelto,2024-04-19,2024-04-22,Avanza,
427,Cerrado,2024-04-19,2024-04-22,Avanza,
428,Asignado,2024-02-10,2024-02-12,Avanza,
428,En proceso,2024-02-12,2024-02-14,Avanza,
428,Escalado,2024-02-14,2024-02-15,Avanza,
428,Resuelto,2024-02-15,2024-02-19,Avanza,
428,Cerrado,2024-02-15,2024-02-17,Avanza,
429,Asignado,2024-04-11,2024-04-18,Se cancela,Sin respuesta
430,Asignado,2024-06-06,2024-06-08,Avanza,
430,En proceso,2024-06-08,2024-06-13,Avanza,
430,Escalado,2024-06-13,2024-06-16,Avanza,
430,Resuelto,2024-06-16,2024-06-20,Avanza,
430,Cerrado,2024-06-16,2024-06-19,Avanza,
431,Asignado,2024-05-17,2024-05-23,Avanza,
431,En proceso,2024-05-23,2024-05-29,Avanza,
431,Escalado,2024-05-29,2024-05-31,Se cancela,Error interno
432,Asignado,2024-01-17,2024-01-20,Avanza,
432,En proceso,2024-01-20,2024-01-22,Avanza,
432,Escalado,2024-01-22,2024-01-26,Avanza,
432,Resuelto,2024-01-26,2024-01-27,Avanza,
432,Cerrado,2024-01-26,2024-01-28,Avanza,
433,Asignado,2024-06-02,2024-06-03,Avanza,
433,En proceso,2024-06-03,2024-06-04,Avanza,
433,Escalado,2024-06-04,2024-06-05,Avanza,
433,Cerrado,2024-06-05,2024-06-07,Se cancela,Cliente desistió
434,Asignado,2024-06-27,2024-07-03,Avanza,
434,En proceso,2024-07-03,2024-07-10,Avanza,
434,Escalado,2024-07-10,2024-07-17,Avanza,
434,Cerrado,2024-07-17,2024-07-19,Se cancela,Cliente desistió
435,Asignado,2024-01-01,2024-01-06,Avanza,
435,En proceso,2024-01-06,2024-01-12,Avanza,
435,Escalado,2024-01-12,2024-01-19,Avanza,
435,Resuelto,2024-01-19,2024-01-20,Avanza,
435,Cerrado,2024-01-19,2024-01-21,Avanza,
436,Asignado,2024-05-11,2024-05-18,Avanza,
436,En proceso,2024-05-18,2024-05-20,Se cancela,Cliente desistió
437,Asignado,2024-02-28,2024-03-01,Avanza,
437,En proceso,2024-03-01,2024-03-02,Se cancela,Error interno
438,Asignado,2024-05-28,2024-05-31,Se cancela,Sin respuesta
439,Asignado,2024-03-17,2024-03-20,Avanza,
439,En proceso,2024-03-20,2024-03-25,Avanza,
439,Escalado,2024-03-25,2024-03-31,Se cancela,Cliente desistió
440,Asignado,2024-03-18,2024-03-19,Avanza,
440,En proceso,2024-03-19,2024-03-22,Avanza,
440,Escalado,2024-03-22,2024-03-28,Avanza,
440,Resuelto,2024-03-28,2024-03-29,Avanza,
440,Cerrado,2024-03-28,2024-03-30,Avanza,
441,Asignado,2024-02-05,2024-02-08,Avanza,
441,En proceso,2024-02-08,2024-02-10,Se cancela,Sin respuesta
442,Asignado,2024-05-24,2024-05-27,Avanza,
442,En proceso,2024-05-27,2024-05-30,Avanza,
442,Escalado,2024-05-30,2024-06-06,Se cancela,Cliente desistió
443,Asignado,2024-01-31,2024-02-02,Avanza,
443,En proceso,2024-02-02,2024-02-06,Avanza,
443,Escalado,2024-02-06,2024-02-11,Avanza,
443,Cerrado,2024-02-11,2024-02-13,Se cancela,Cliente desistió
444,Asignado,2024-03-19,2024-03-23,Avanza,
444,En proceso,2024-03-23,2024-03-24,Avanza,
444,Escalado,2024-03-24,2024-03-31,Se cancela,Sin respuesta
445,Asignado,2024-02-01,2024-02-08,Avanza,
445,En proceso,2024-02-08,2024-02-12,Avanza,
445,Escalado,2024-02-12,2024-02-19,Avanza,
445,Cerrado,2024-02-19,2024-02-21,Se cancela,Cliente desistió
446,Asignado,2024-03-12,2024-03-17,Avanza,
446,En proceso,2024-03-17,2024-03-22,Avanza,
446,Escalado,2024-03-22,2024-03-24,Se cancela,Sin respuesta
447,Asignado,2024-03-02,2024-03-06,Se cancela,Sin respuesta
448,Asignado,2024-03-25,2024-03-30,Avanza,
448,En proceso,2024-03-30,2024-03-31,Avanza,
448,Escalado,2024-03-31,2024-04-01,Se cancela,Sin respuesta
449,Asignado,2024-04-24,2024-04-26,Avanza,
449,En proceso,2024-04-26,2024-04-28,Avanza,
449,Escalado,2024-04-28,2024-05-02,Avanza,
449,Resuelto,2024-05-02,2024-05-03,Avanza,
449,Cerrado,2024-05-02,2024-05-04,Avanza,
450,Asignado,2024-06-01,2024-06-03,Avanza,
450,En proceso,2024-06-03,2024-06-08,Avanza,
450,Escalado,2024-06-08,2024-06-12,Se cancela,Sin respuesta
451,Asignado,2024-06-28,2024-06-29,Avanza,
451,En proceso,2024-06-29,2024-07-06,Avanza,
451,Escalado,2024-07-06,2024-07-12,Avanza,
451,Resuelto,2024-07-12,2024-07-13,Avanza,
451,Cerrado,2024-07-12,2024-07-14,Avanza,
452,Asignado,2024-05-31,2024-06-04,Avanza,
452,En proceso,2024-06-04,2024-06-05,Avanza,
452,Escalado,2024-06-05,2024-06-07,Avanza,
452,Resuelto,2024-06-07,2024-06-09,Avanza,
452,Cerrado,2024-06-07,2024-06-09,Avanza,
453,Asignado,2024-03-10,2024-03-17,Avanza,
453,En proceso,2024-03-17,2024-03-20,Se cancela,Sin respuesta
454,Asignado,2024-03-03,2024-03-08,Avanza,
454,En proceso,2024-03-08,2024-03-09,Se cancela,Cliente desistió
455,Asignado,2024-03-12,2024-03-19,Avanza,
455,En proceso,2024-03-19,2024-03-24,Avanza,
455,Escalado,2024-03-24,2024-03-26,Avanza,
455,Resuelto,2024-03-26,2024-03-29,Avanza,
455,Cerrado,2024-03-26,2024-03-29,Avanza,
456,Asignado,2024-02-19,2024-02-20,Avanza,
456,En proceso,2024-02-20,2024-02-26,Avanza,
456,Escalado,2024-02-26,2024-02-29,Avanza,
456,Resuelto,2024-02-29,2024-03-01,Avanza,
456,Cerrado,2024-02-29,2024-03-02,Avanza,
457,Asignado,2024-02-03,2024-02-05,Se cancela,Cliente desistió
458,Asignado,2024-06-25,2024-06-29,Avanza,
458,En proceso,2024-06-29,2024-07-03,Avanza,
458,Escalado,2024-07-03,2024-07-10,Avanza,
458,Cerrado,2024-07-10,2024-07-12,Se cancela,Sin respuesta
459,Asignado,2024-01-16,2024-01-22,Avanza,
459,En proceso,2024-01-22,2024-01-26,Se cancela,Sin respuesta
460,Asignado,2024-03-24,2024-03-28,Avanza,
460,En proceso,2024-03-28,2024-03-31,Avanza,
460,Escalado,2024-03-31,2024-04-06,Avanza,
460,Resuelto,2024-04-06,2024-04-09,Avanza,
460,Cerrado,2024-04-06,2024-04-09,Avanza,
461,Asignado,2024-06-18,2024-06-24,Se cancela,Cliente desistió
462,Asignado,2024-06-12,2024-06-18,Avanza,
462,En proceso,2024-06-18,2024-06-22,Se cancela,Cliente desistió
463,Asignado,2024-02-19,2024-02-20,Se cancela,Sin respuesta
464,Asignado,2024-01-25,2024-01-29,Se cancela,Error interno
465,Asignado,2024-02-01,2024-02-03,Se cancela,Sin respuesta
466,Asignado,2024-01-20,2024-01-23,Avanza,
466,En proceso,2024-01-23,2024-01-30,Avanza,
466,Escalado,2024-01-30,2024-01-31,Avanza,
466,Resuelto,2024-01-31,2024-02-04,Avanza,
466,Cerrado,2024-01-31,2024-02-02,Avanza,
467,Asignado,2024-05-12,2024-05-16,Avanza,
467,En proceso,2024-05-16,2024-05-18,Se cancela,Error interno
468,Asignado,2024-02-09,2024-02-15,Avanza,
468,En proceso,2024-02-15,2024-02-19,Avanza,
468,Escalado,2024-02-19,2024-02-24,Avanza,
468,Resuelto,2024-02-24,2024-02-27,Avanza,
468,Cerrado,2024-02-24,2024-02-26,Avanza,
469,Asignado,2024-02-12,2024-02-18,Avanza,
469,En proceso,2024-02-18,2024-02-19,Avanza,
469,Escalado,2024-02-19,2024-02-23,Avanza,
469,Resuelto,2024-02-23,2024-02-24,Avanza,
469,Cerrado,2024-02-23,2024-02-26,Avanza,
470,Asignado,2024-05-18,2024-05-20,Avanza,
470,En proceso,2024-05-20,2024-05-27,Avanza,
470,Escalado,2024-05-27,2024-05-29,Avanza,
470,Resuelto,2024-05-29,2024-06-02,Avanza,
470,Cerrado,2024-05-29,2024-05-31,Avanza,
471,Asignado,2024-06-19,2024-06-26,Avanza,
471,En proceso,2024-06-26,2024-07-01,Avanza,
471,Escalado,2024-07-01,2024-07-07,Avanza,
471,Resuelto,2024-07-07,2024-07-08,Avanza,
471,Cerrado,2024-07-07,2024-07-08,Avanza,
472,Asignado,2024-01-13,2024-01-15,Se cancela,Cliente desistió
473,Asignado,2024-04-07,2024-04-12,Avanza,
473,En proceso,2024-04-12,2024-04-14,Avanza,
473,Escalado,2024-04-14,2024-04-18,Avanza,
473,Resuelto,2024-04-18,2024-04-20,Avanza,
473,Cerrado,2024-04-18,2024-04-20,Avanza,
474,Asignado,2024-05-13,2024-05-18,Avanza,
474,En proceso,2024-05-18,2024-05-24,Avanza,
474,Escalado,2024-05-24,2024-05-25,Se cancela,Error interno
475,Asignado,2024-02-24,2024-02-25,Avanza,
475,En proceso,2024-02-25,2024-03-01,Avanza,
475,Escalado,2024-03-01,2024-03-04,Avanza,
475,Resuelto,2024-03-04,2024-03-08,Avanza,
475,Cerrado,2024-03-04,2024-03-06,Avanza,
476,Asignado,2024-02-18,2024-02-21,Avanza,
476,En proceso,2024-02-21,2024-02-27,Avanza,
476,Escalado,2024-02-27,2024-02-29,Avanza,
476,Resuelto,2024-02-29,2024-03-03,Avanza,
476,Cerrado,2024-02-29,2024-03-01,Avanza,
477,Asignado,2024-02-14,2024-02-16,Avanza,
477,En proceso,2024-02-16,2024-02-17,Se cancela,Error interno
478,Asignado,2024-03-14,2024-03-18,Avanza,
478,En proceso,2024-03-18,2024-03-25,Avanza,
478,Escalado,2024-03-25,2024-03-30,Avanza,
478,Resuelto,2024-03-30,2024-04-01,Avanza,
478,Cerrado,2024-03-30,2024-04-02,Avanza,
479,Asignado,2024-03-14,2024-03-21,Avanza,
479,En proceso,2024-03-21,2024-03-25,Se cancela,Error interno
480,Asignado,2024-02-16,2024-02-17,Avanza,
480,En proceso,2024-02-17,2024-02-21,Avanza,
480,Escalado,2024-02-21,2024-02-28,Avanza,
480,Resuelto,2024-02-28,2024-03-02,Avanza,
480,Cerrado,2024-02-28,2024-02-29,Avanza,
481,Asignado,2024-06-15,2024-06-22,Se cancela,Error interno
482,Asignado,2024-03-18,2024-03-21,Avanza,
482,En proceso,2024-03-21,2024-03-24,Avanza,
482,Escalado,2024-03-24,2024-03-29,Avanza,
482,Resuelto,2024-03-29,2024-03-31,Avanza,
482,Cerrado,2024-03-29,2024-04-01,Avanza,
483,Asignado,2024-06-13,2024-06-14,Se cancela,Sin respuesta
484,Asignado,2024-02-02,2024-02-04,Avanza,
484,En proceso,2024-02-04,2024-02-08,Avanza,
484,Escalado,2024-02-08,2024-02-09,Avanza,
484,Resuelto,2024-02-09,2024-02-12,Avanza,
484,Cerrado,2024-02-09,2024-02-12,Avanza,
485,Asignado,2024-03-26,2024-04-01,Avanza,
485,En proceso,2024-04-01,2024-04-08,Avanza,
485,Escalado,2024-04-08,2024-04-13,Avanza,
485,Resuelto,2024-04-13,2024-04-14,Avanza,
485,Cerrado,2024-04-13,2024-04-14,Avanza,
486,Asignado,2024-06-15,2024-06-20,Avanza,
486,En proceso,2024-06-20,2024-06-21,Avanza,
486,Escalado,2024-06-21,2024-06-24,Avanza,
486,Resuelto,2024-06-24,2024-06-25,Avanza,
486,Cerrado,2024-06-24,2024-06-25,Avanza,
487,Asignado,2024-03-20,2024-03-21,Avanza,
487,En proceso,2024-03-21,2024-03-28,Avanza,
487,Escalado,2024-03-28,2024-03-30,Avanza,
487,Resuelto,2024-03-30,2024-04-03,Avanza,
487,Cerrado,2024-03-30,2024-04-01,Avanza,
488,Asignado,2024-04-06,2024-04-12,Avanza,
488,En proceso,2024-04-12,2024-04-18,Avanza,
488,Escalado,2024-04-18,2024-04-24,Se cancela,Error interno
489,Asignado,2024-03-28,2024-04-02,Avanza,
489,En proceso,2024-04-02,2024-04-03,Se cancela,Cliente desistió
490,Asignado,2024-03-12,2024-03-14,Se cancela,Sin respuesta
491,Asignado,2024-04-05,2024-04-07,Avanza,
491,En proceso,2024-04-07,2024-04-12,Se cancela,Cliente desistió
492,Asignado,2024-05-02,2024-05-08,Avanza,
492,En proceso,2024-05-08,2024-05-14,Se cancela,Sin respuesta
493,Asignado,2024-02-17,2024-02-22,Avanza,
493,En proceso,2024-02-22,2024-02-25,Se cancela,Cliente desistió
494,Asignado,2024-03-27,2024-03-31,Avanza,
494,En proceso,2024-03-31,2024-04-01,Se cancela,Error interno
495,Asignado,2024-04-13,2024-04-20,Se cancela,Sin respuesta
496,Asignado,2024-02-21,2024-02-27,Avanza,
496,En proceso,2024-02-27,2024-02-28,Se cancela,Cliente desistió
497,Asignado,2024-01-23,2024-01-30,Avanza,
497,En proceso,2024-01-30,2024-02-01,Avanza,
497,Escalado,2024-02-01,2024-02-05,Avanza,
497,Resuelto,2024-02-05,2024-02-08,Avanza,
497,Cerrado,2024-02-05,2024-02-08,Avanza,
498,Asignado,2024-01-02,2024-01-05,Avanza,
498,En proceso,2024-01-05,2024-01-10,Avanza,
498,Escalado,2024-01-10,2024-01-13,Avanza,
498,Resuelto,2024-01-13,2024-01-16,Avanza,
498,Cerrado,2024-01-13,2024-01-14,Avanza,
499,Asignado,2024-06-28,2024-06-30,Avanza,
499,En proceso,2024-06-30,2024-07-03,Avanza,
499,Escalado,2024-07-03,2024-07-04,Se cancela,Sin respuesta
500,Asignado,2024-04-08,2024-04-09,Avanza,
500,En proceso,2024-04-09,2024-04-15,Avanza,
500,Escalado,2024-04-15,2024-04-16,Avanza,
500,Resuelto,2024-04-16,2024-04-20,Avanza,
500,Cerrado,2024-04-16,2024-04-19,Avanza,
501,Asignado,2024-03-25,2024-03-28,Avanza,
501,En proceso,2024-03-28,2024-04-03,Avanza,
501,Escalado,2024-04-03,2024-04-10,Se cancela,Cliente desistió
502,Asignado,2024-04-08,2024-04-09,Avanza,
502,En proceso,2024-04-09,2024-04-12,Avanza,
502,Escalado,2024-04-12,2024-04-13,Avanza,
502,Cerrado,2024-04-13,2024-04-16,Se cancela,Error interno
503,Asignado,2024-06-19,2024-06-24,Avanza,
503,En proceso,2024-06-24,2024-06-27,Avanza,
503,Escalado,2024-06-27,2024-06-29,Avanza,
503,Resuelto,2024-06-29,2024-06-30,Avanza,
503,Cerrado,2024-06-29,2024-07-02,Avanza,
504,Asignado,2024-01-06,2024-01-13,Se cancela,Sin respuesta
505,Asignado,2024-06-25,2024-07-01,Avanza,
505,En proceso,2024-07-01,2024-07-04,Se cancela,Sin respuesta
506,Asignado,2024-06-12,2024-06-19,Avanza,
506,En proceso,2024-06-19,2024-06-22,Avanza,
506,Escalado,2024-06-22,2024-06-24,Avanza,
506,Resuelto,2024-06-24,2024-06-26,Avanza,
506,Cerrado,2024-06-24,2024-06-27,Avanza,
507,Asignado,2024-04-19,2024-04-21,Avanza,
507,En proceso,2024-04-21,2024-04-24,Avanza,
507,Escalado,2024-04-24,2024-04-25,Avanza,
507,Resuelto,2024-04-25,2024-04-26,Avanza,
507,Cerrado,2024-04-25,2024-04-27,Avanza,
508,Asignado,2024-01-11,2024-01-16,Se cancela,Cliente desistió
509,Asignado,2024-03-18,2024-03-22,Avanza,
509,En proceso,2024-03-22,2024-03-24,Avanza,
509,Escalado,2024-03-24,2024-03-25,Se cancela,Error interno
510,Asignado,2024-04-15,2024-04-16,Avanza,
510,En proceso,2024-04-16,2024-04-21,Avanza,
510,Escalado,2024-04-21,2024-04-28,Avanza,
510,Resuelto,2024-04-28,2024-05-02,Avanza,
510,Cerrado,2024-04-28,2024-05-01,Avanza,
511,Asignado,2024-04-24,2024-04-26,Avanza,
511,En proceso,2024-04-26,2024-04-28,Avanza,
511,Escalado,2024-04-28,2024-05-01,Avanza,
511,Resuelto,2024-05-01,2024-05-02,Avanza,
511,Cerrado,2024-05-01,2024-05-02,Avanza,
512,Asignado,2024-04-06,2024-04-10,Avanza,
512,En proceso,2024-04-10,2024-04-15,Avanza,
512,Escalado,2024-04-15,2024-04-21,Avanza,
512,Resuelto,2024-04-21,2024-04-22,Avanza,
512,Cerrado,2024-04-21,2024-04-24,Avanza,
513,Asignado,2024-03-20,2024-03-22,Avanza,
513,En proceso,2024-03-22,2024-03-28,Avanza,
513,Escalado,2024-03-28,2024-04-01,Se cancela,Cliente desistió
514,Asignado,2024-06-29,2024-07-04,Avanza,
514,En proceso,2024-07-04,2024-07-09,Avanza,
514,Escalado,2024-07-09,2024-07-16,Avanza,
514,Resuelto,2024-07-16,2024-07-20,Avanza,
514,Cerrado,2024-07-16,2024-07-19,Avanza,
515,Asignado,2024-05-03,2024-05-08,Se cancela,Cliente desistió
516,Asignado,2024-01-15,2024-01-16,Avanza,
516,En proceso,2024-01-16,2024-01-20,Avanza,
516,Escalado,2024-01-20,2024-01-24,Avanza,
516,Resuelto,2024-01-24,2024-01-28,Avanza,
516,Cerrado,2024-01-24,2024-01-27,Avanza,
517,Asignado,2024-06-09,2024-06-16,Avanza,
517,En proceso,2024-06-16,2024-06-23,Avanza,
517,Escalado,2024-06-23,2024-06-29,Avanza,
517,Cerrado,2024-06-29,2024-06-30,Se cancela,Sin respuesta
518,Asignado,2024-03-10,2024-03-15,Avanza,
518,En proceso,2024-03-15,2024-03-22,Avanza,
518,Escalado,2024-03-22,2024-03-28,Avanza,
518,Cerrado,2024-03-28,2024-03-29,Se cancela,Error interno
519,Asignado,2024-02-17,2024-02-24,Avanza,
519,En proceso,2024-02-24,2024-02-28,Avanza,
519,Escalado,2024-02-28,2024-03-05,Avanza,
519,Resuelto,2024-03-05,2024-03-06,Avanza,
519,Cerrado,2024-03-05,2024-03-08,Avanza,
520,Asignado,2024-05-16,2024-05-18,Avanza,
520,En proceso,2024-05-18,2024-05-25,Avanza,
520,Escalado,2024-05-25,2024-05-27,Avanza,
520,Cerrado,2024-05-27,2024-05-28,Se cancela,Sin respuesta
521,Asignado,2024-02-21,2024-02-26,Avanza,
521,En proceso,2024-02-26,2024-03-02,Avanza,
521,Escalado,2024-03-02,2024-03-03,Avanza,
521,Cerrado,2024-03-03,2024-03-05,Se cancela,Sin respuesta
522,Asignado,2024-03-28,2024-04-04,Avanza,
522,En proceso,2024-04-04,2024-04-06,Avanza,
522,Escalado,2024-04-06,2024-04-10,Avanza,
522,Cerrado,2024-04-10,2024-04-13,Se cancela,Sin respuesta
523,Asignado,2024-04-05,2024-04-11,Avanza,
523,En proceso,2024-04-11,2024-04-12,Avanza,
523,Escalado,2024-04-12,2024-04-19,Avanza,
523,Resuelto,2024-04-19,2024-04-22,Avanza,
523,Cerrado,2024-04-19,2024-04-21,Avanza,
524,Asignado,2024-05-22,2024-05-27,Avanza,
524,En proceso,2024-05-27,2024-06-03,Avanza,
524,Escalado,2024-06-03,2024-06-09,Avanza,
524,Cerrado,2024-06-09,2024-06-11,Se cancela,Cliente desistió
525,Asignado,2024-03-11,2024-03-18,Se cancela,Error interno
526,Asignado,2024-02-16,2024-02-21,Avanza,
526,En proceso,2024-02-21,2024-02-27,Avanza,
526,Escalado,2024-02-27,2024-02-28,Avanza,
526,Resuelto,2024-02-28,2024-03-01,Avanza,
526,Cerrado,2024-02-28,2024-03-01,Avanza,
527,Asignado,2024-06-22,2024-06-23,Avanza,
527,En proceso,2024-06-23,2024-06-27,Avanza,
527,Escalado,2024-06-27,2024-07-04,Avanza,
527,Resuelto,2024-07-04,2024-07-07,Avanza,
527,Cerrado,2024-07-04,2024-07-07,Avanza,
528,Asignado,2024-06-06,2024-06-09,Se cancela,Error interno
529,Asignado,2024-06-27,2024-07-01,Avanza,
529,En proceso,2024-07-01,2024-07-03,Avanza,
529,Escalado,2024-07-03,2024-07-10,Avanza,
529,Resuelto,2024-07-10,2024-07-14,Avanza,
529,Cerrado,2024-07-10,2024-07-13,Avanza,
530,Asignado,2024-04-05,2024-04-10,Avanza,
530,En proceso,2024-04-10,2024-04-17,Avanza,
530,Escalado,2024-04-17,2024-04-21,Avanza,
530,Resuelto,2024-04-21,2024-04-25,Avanza,
530,Cerrado,2024-04-21,2024-04-24,Avanza,
531,Asignado,2024-01-05,2024-01-08,Avanza,
531,En proceso,2024-01-08,2024-01-15,Avanza,
531,Escalado,2024-01-15,2024-01-18,Avanza,
531,Resuelto,2024-01-18,2024-01-20,Avanza,
531,Cerrado,2024-01-18,2024-01-20,Avanza,
532,Asignado,2024-05-30,2024-06-06,Avanza,
532,En proceso,2024-06-06,2024-06-11,Avanza,
532,Escalado,2024-06-11,2024-06-18,Avanza,
532,Resuelto,2024-06-18,2024-06-22,Avanza,
532,Cerrado,2024-06-18,2024-06-21,Avanza,
533,Asignado,2024-01-29,2024-01-31,Se cancela,Error interno
534,Asignado,2024-01-20,2024-01-25,Avanza,
534,En proceso,2024-01-25,2024-01-26,Avanza,
534,Escalado,2024-01-26,2024-01-27,Se cancela,Error interno
535,Asignado,2024-06-13,2024-06-19,Se cancela,Error interno
536,Asignado,2024-03-10,2024-03-17,Avanza,
536,En proceso,2024-03-17,2024-03-21,Se cancela,Sin respuesta
537,Asignado,2024-03-31,2024-04-05,Avanza,
537,En proceso,2024-04-05,2024-04-11,Se cancela,Sin respuesta
538,Asignado,2024-01-18,2024-01-24,Avanza,
538,En proceso,2024-01-24,2024-01-28,Avanza,
538,Escalado,2024-01-28,2024-02-02,Avanza,
538,Resuelto,2024-02-02,2024-02-03,Avanza,
538,Cerrado,2024-02-02,2024-02-04,Avanza,
539,Asignado,2024-03-31,2024-04-06,Avanza,
539,En proceso,2024-04-06,2024-04-13,Avanza,
539,Escalado,2024-04-13,2024-04-20,Avanza,
539,Resuelto,2024-04-20,2024-04-22,Avanza,
539,Cerrado,2024-04-20,2024-04-23,Avanza,
540,Asignado,2024-05-16,2024-05-23,Avanza,
540,En proceso,2024-05-23,2024-05-24,Avanza,
540,Escalado,2024-05-24,2024-05-26,Avanza,
540,Cerrado,2024-05-26,2024-05-28,Se cancela,Error interno
541,Asignado,2024-02-12,2024-02-17,Avanza,
541,En proceso,2024-02-17,2024-02-24,Avanza,
541,Escalado,2024-02-24,2024-03-01,Avanza,
541,Resuelto,2024-03-01,2024-03-04,Avanza,
541,Cerrado,2024-03-01,2024-03-03,Avanza,
542,Asignado,2024-04-06,2024-04-07,Avanza,
542,En proceso,2024-04-07,2024-04-13,Se cancela,Cliente desistió
543,Asignado,2024-03-14,2024-03-19,Avanza,
543,En proceso,2024-03-19,2024-03-25,Avanza,
543,Escalado,2024-03-25,2024-04-01,Avanza,
543,Resuelto,2024-04-01,2024-04-05,Avanza,
543,Cerrado,2024-04-01,2024-04-03,Avanza,
544,Asignado,2024-04-26,2024-05-01,Se cancela,Sin respuesta
545,Asignado,2024-03-03,2024-03-07,Avanza,
545,En proceso,2024-03-07,2024-03-09,Avanza,
545,Escalado,2024-03-09,2024-03-13,Avanza,
545,Resuelto,2024-03-13,2024-03-15,Avanza,
545,Cerrado,2024-03-13,2024-03-15,Avanza,
546,Asignado,2024-03-20,2024-03-24,Avanza,
546,En proceso,2024-03-24,2024-03-25,Se cancela,Error interno
547,Asignado,2024-01-27,2024-01-29,Avanza,
547,En proceso,2024-01-29,2024-01-31,Se cancela,Sin respuesta
548,Asignado,2024-06-01,2024-06-04,Avanza,
548,En proceso,2024-06-04,2024-06-11,Avanza,
548,Escalado,2024-06-11,2024-06-12,Avanza,
548,Resuelto,2024-06-12,2024-06-15,Avanza,
548,Cerrado,2024-06-12,2024-06-14,Avanza,
549,Asignado,2024-06-28,2024-06-30,Avanza,
549,En proceso,2024-06-30,2024-07-01,Avanza,
549,Escalado,2024-07-01,2024-07-06,Avanza,
549,Resuelto,2024-07-06,2024-07-09,Avanza,
549,Cerrado,2024-07-06,2024-07-07,Avanza,
550,Asignado,2024-03-05,2024-03-11,Avanza,
550,En proceso,2024-03-11,2024-03-12,Se cancela,Error interno
551,Asignado,2024-03-20,2024-03-27,Avanza,
551,En proceso,2024-03-27,2024-04-03,Avanza,
551,Escalado,2024-04-03,2024-04-09,Se cancela,Sin respuesta
552,Asignado,2024-05-06,2024-05-11,Avanza,
552,En proceso,2024-05-11,2024-05-14,Avanza,
552,Escalado,2024-05-14,2024-05-16,Avanza,
552,Resuelto,2024-05-16,2024-05-17,Avanza,
552,Cerrado,2024-05-16,2024-05-18,Avanza,
553,Asignado,2024-03-12,2024-03-18,Avanza,
553,En proceso,2024-03-18,2024-03-19,Avanza,
553,Escalado,2024-03-19,2024-03-24,Avanza,
553,Resuelto,2024-03-24,2024-03-26,Avanza,
553,Cerrado,2024-03-24,2024-03-27,Avanza,
554,Asignado,2024-01-28,2024-02-01,Avanza,
554,En proceso,2024-02-01,2024-02-07,Avanza,
554,Escalado,2024-02-07,2024-02-09,Avanza,
554,Resuelto,2024-02-09,2024-02-11,Avanza,
554,Cerrado,2024-02-09,2024-02-12,Avanza,
555,Asignado,2024-04-03,2024-04-04,Se cancela,Sin respuesta
556,Asignado,2024-02-05,2024-02-08,Avanza,
556,En proceso,2024-02-08,2024-02-09,Avanza,
556,Escalado,2024-02-09,2024-02-11,Avanza,
556,Cerrado,2024-02-11,2024-02-14,Se cancela,Cliente desistió
557,Asignado,2024-01-09,2024-01-10,Avanza,
557,En proceso,2024-01-10,2024-01-17,Avanza,
557,Escalado,2024-01-17,2024-01-20,Avanza,
557,Resuelto,2024-01-20,2024-01-24,Avanza,
557,Cerrado,2024-01-20,2024-01-21,Avanza,
558,Asignado,2024-06-05,2024-06-09,Avanza,
558,En proceso,2024-06-09,2024-06-14,Avanza,
558,Escalado,2024-06-14,2024-06-18,Avanza,
558,Resuelto,2024-06-18,2024-06-19,Avanza,
558,Cerrado,2024-06-18,2024-06-21,Avanza,
559,Asignado,2024-01-13,2024-01-20,Avanza,
559,En proceso,2024-01-20,2024-01-24,Avanza,
559,Escalado,2024-01-24,2024-01-30,Avanza,
559,Cerrado,2024-01-30,2024-01-31,Se cancela,Error interno
560,Asignado,2024-04-27,2024-04-29,Se cancela,Cliente desistió
561,Asignado,2024-04-02,2024-04-04,Se cancela,Cliente desistió
562,Asignado,2024-03-31,2024-04-06,Avanza,
562,En proceso,2024-04-06,2024-04-07,Avanza,
562,Escalado,2024-04-07,2024-04-11,Avanza,
562,Resuelto,2024-04-11,2024-04-12,Avanza,
562,Cerrado,2024-04-11,2024-04-12,Avanza,
563,Asignado,2024-03-04,2024-03-06,Avanza,
563,En proceso,2024-03-06,2024-03-09,Avanza,
563,Escalado,2024-03-09,2024-03-10,Avanza,
563,Resuelto,2024-03-10,2024-03-14,Avanza,
563,Cerrado,2024-03-10,2024-03-12,Avanza,
564,Asignado,2024-03-10,2024-03-17,Se cancela,Cliente desistió
565,Asignado,2024-02-17,2024-02-23,Se cancela,Error interno
566,Asignado,2024-04-11,2024-04-15,Avanza,
566,En proceso,2024-04-15,2024-04-16,Avanza,
566,Escalado,2024-04-16,2024-04-19,Avanza,
566,Resuelto,2024-04-19,2024-04-21,Avanza,
566,Cerrado,2024-04-19,2024-04-21,Avanza,
567,Asignado,2024-02-01,2024-02-05,Avanza,
567,En proceso,2024-02-05,2024-02-12,Se cancela,Sin respuesta
568,Asignado,2024-05-07,2024-05-12,Avanza,
568,En proceso,2024-05-12,2024-05-16,Avanza,
568,Escalado,2024-05-16,2024-05-23,Se cancela,Error interno
569,Asignado,2024-03-07,2024-03-09,Avanza,
569,En proceso,2024-03-09,2024-03-13,Avanza,
569,Escalado,2024-03-13,2024-03-18,Avanza,
569,Resuelto,2024-03-18,2024-03-19,Avanza,
569,Cerrado,2024-03-18,2024-03-21,Avanza,
570,Asignado,2024-01-08,2024-01-14,Se cancela,Error interno
571,Asignado,2024-06-27,2024-06-28,Avanza,
571,En proceso,2024-06-28,2024-07-02,Se cancela,Sin respuesta
572,Asignado,2024-04-24,2024-04-30,Avanza,
572,En proceso,2024-04-30,2024-05-01,Avanza,
572,Escalado,2024-05-01,2024-05-02,Avanza,
572,Resuelto,2024-05-02,2024-05-04,Avanza,
572,Cerrado,2024-05-02,2024-05-03,Avanza,
573,Asignado,2024-05-19,2024-05-26,Se cancela,Error interno
574,Asignado,2024-02-11,2024-02-18,Avanza,
574,En proceso,2024-02-18,2024-02-25,Avanza,
574,Escalado,2024-02-25,2024-02-28,Se cancela,Error interno
575,Asignado,2024-05-30,2024-06-02,Avanza,
575,En proceso,2024-06-02,2024-06-08,Avanza,
575,Escalado,2024-06-08,2024-06-13,Avanza,
575,Cerrado,2024-06-13,2024-06-16,Se cancela,Error interno
576,Asignado,2024-02-05,2024-02-06,Avanza,
576,En proceso,2024-02-06,2024-02-10,Avanza,
576,Escalado,2024-02-10,2024-02-12,Avanza,
576,Resuelto,2024-02-12,2024-02-13,Avanza,
576,Cerrado,2024-02-12,2024-02-14,Avanza,
577,Asignado,2024-05-17,2024-05-18,Se cancela,Cliente desistió
578,Asignado,2024-01-28,2024-01-31,Se cancela,Cliente desistió
579,Asignado,2024-02-23,2024-02-24,Avanza,
579,En proceso,2024-02-24,2024-02-28,Avanza,
579,Escalado,2024-02-28,2024-03-03,Avanza,
579,Resuelto,2024-03-03,2024-03-04,Avanza,
579,Cerrado,2024-03-03,2024-03-04,Avanza,
580,Asignado,2024-03-30,2024-04-02,Avanza,
580,En proceso,2024-04-02,2024-04-07,Avanza,
580,Escalado,2024-04-07,2024-04-09,Avanza,
580,Resuelto,2024-04-09,2024-04-11,Avanza,
580,Cerrado,2024-04-09,2024-04-11,Avanza,
581,Asignado,2024-04-20,2024-04-25,Avanza,
581,En proceso,2024-04-25,2024-04-27,Avanza,
581,Escalado,2024-04-27,2024-05-04,Avanza,
581,Cerrado,2024-05-04,2024-05-06,Se cancela,Sin respuesta
582,Asignado,2024-03-27,2024-04-03,Avanza,
582,En proceso,2024-04-03,2024-04-08,Avanza,
582,Escalado,2024-04-08,2024-04-13,Avanza,
582,Resuelto,2024-04-13,2024-04-15,Avanza,
582,Cerrado,2024-04-13,2024-04-15,Avanza,
583,Asignado,2024-01-15,2024-01-21,Avanza,
583,En proceso,2024-01-21,2024-01-27,Se cancela,Sin respuesta
584,Asignado,2024-04-19,2024-04-22,Avanza,
584,En proceso,2024-04-22,2024-04-28,Avanza,
584,Escalado,2024-04-28,2024-04-29,Avanza,
584,Resuelto,2024-04-29,2024-05-01,Avanza,
584,Cerrado,2024-04-29,2024-05-01,Avanza,
585,Asignado,2024-04-27,2024-05-04,Se cancela,Error interno
586,Asignado,2024-06-03,2024-06-07,Avanza,
586,En proceso,2024-06-07,2024-06-12,Avanza,
586,Escalado,2024-06-12,2024-06-17,Avanza,
586,Cerrado,2024-06-17,2024-06-19,Se cancela,Sin respuesta
587,Asignado,2024-05-27,2024-06-01,Avanza,
587,En proceso,2024-06-01,2024-06-02,Avanza,
587,Escalado,2024-06-02,2024-06-05,Se cancela,Sin respuesta
588,Asignado,2024-05-06,2024-05-07,Avanza,
588,En proceso,2024-05-07,2024-05-10,Avanza,
588,Escalado,2024-05-10,2024-05-13,Avanza,
588,Resuelto,2024-05-13,2024-05-16,Avanza,
588,Cerrado,2024-05-13,2024-05-16,Avanza,
589,Asignado,2024-04-02,2024-04-09,Se cancela,Sin respuesta
590,Asignado,2024-06-15,2024-06-21,Avanza,
590,En proceso,2024-06-21,2024-06-23,Se cancela,Cliente desistió
591,Asignado,2024-01-07,2024-01-08,Avanza,
591,En proceso,2024-01-08,2024-01-12,Avanza,
591,Escalado,2024-01-12,2024-01-14,Avanza,
591,Cerrado,2024-01-14,2024-01-15,Se cancela,Cliente desistió
592,Asignado,2024-05-07,2024-05-13,Se cancela,Cliente desistió
593,Asignado,2024-05-28,2024-05-30,Avanza,
593,En proceso,2024-05-30,2024-06-06,Avanza,
593,Escalado,2024-06-06,2024-06-09,Avanza,
593,Resuelto,2024-06-09,2024-06-12,Avanza,
593,Cerrado,2024-06-09,2024-06-10,Avanza,
594,Asignado,2024-06-10,2024-06-13,Avanza,
594,En proceso,2024-06-13,2024-06-15,Avanza,
594,Escalado,2024-06-15,2024-06-17,Avanza,
594,Cerrado,2024-06-17,2024-06-20,Se cancela,Sin respuesta
595,Asignado,2024-02-24,2024-03-02,Avanza,
595,En proceso,2024-03-02,2024-03-03,Se cancela,Cliente desistió
596,Asignado,2024-06-21,2024-06-23,Avanza,
596,En proceso,2024-06-23,2024-06-30,Avanza,
596,Escalado,2024-06-30,2024-07-06,Avanza,
596,Resuelto,2024-07-06,2024-07-10,Avanza,
596,Cerrado,2024-07-06,2024-07-07,Avanza,
597,Asignado,2024-04-13,2024-04-19,Avanza,
597,En proceso,2024-04-19,2024-04-23,Avanza,
597,Escalado,2024-04-23,2024-04-25,Avanza,
597,Resuelto,2024-04-25,2024-04-26,Avanza,
597,Cerrado,2024-04-25,2024-04-26,Avanza,
598,Asignado,2024-02-05,2024-02-09,Avanza,
598,En proceso,2024-02-09,2024-02-13,Se cancela,Cliente desistió
599,Asignado,2024-02-11,2024-02-12,Avanza,
599,En proceso,2024-02-12,2024-02-15,Avanza,
599,Escalado,2024-02-15,2024-02-20,Avanza,
599,Resuelto,2024-02-20,2024-02-24,Avanza,
599,Cerrado,2024-02-20,2024-02-21,Avanza,
600,Asignado,2024-02-13,2024-02-14,Avanza,
600,En proceso,2024-02-14,2024-02-18,Se cancela,Error interno
